id,name,性别,age,city,category,职级,hire_date,离职日期,工作年限,salary,income,交通补贴,社保缴纳基数,是否缴纳社保,绩效评分,sales_amount,客户满意度,本月出勤天数,是否在职,tel,email,address,temperature,sales,value,price,quantity,weight,phone,order_date,birth_date,year,month,day,timestamp
EMP1049,吴十,男,30.506691404835117,西安,技术部,P3,2015/12/29,,8.5,8702.865769284994,2790.878063705939,708.2894433766709,9729.67811686106,TRUE,79.7004740498712,5,6.415438242775674,27,TRUE,15201281557,lisi3@outlook.com,湖南青岛XX大道,19.5,123,65.66,"￥3,751.28",307.5,59.42,91-10478163327,,1978/3/27,,,,1489117229
EMP1054,孙八,女,30.56993266688714,杭州,市场部,P2,2017/1/22,2019/12/4,7.4,10414.417919294181,3095.2905000116916,985.0783178834163,12473.122292355745,TRUE,84.58027778916505,7,9.827523109380552,35,,17756783995,zhaoliu146@qq.com,,20.21,764,138.04,"￥9,506.69",495,38.1,45-41116573584,2019/9/5,1991/11/24,2019,9,5,1602086632
EMP1049,朱二十,男,38.43792319859011,武汉市,人事部,P1,2026/11/3,,7.6,12130.831025075071,4719.784033126408,482.99193877102687,11823.748148847122,TRUE,82.67204657245925,10,5.607206447984911,17,TRUE,18439492674,wangwu232@outlook.com,山东广州XX巷,20.84,294,,,70.1,96.99,27-26048021673,not a date,1952/3/24,,,,1693374668
EMP1092,褚十四,女,34.28088596503547,广州市,财务部,,2018/7/5,,-4,16140.51566470693,6670.294253069573,525.2263031692031,15586.750476563571,TRUE,80.3000278630559,3,5.033065210286782,30,TRUE,15760904107,wangwu338@qq.com,上海杭州XX小区,29.45,,343.3,"$5,990.00 ",259.2,84.21,96-20932266036,12-16-2018,1980/4/5,2018,12,16,1693374668
EMP1177,李四,男,29.436308117652743,杭州,技术部,P2,2021/10/1,,2.7,5000,,232.75809990368714,5046.527627472304,TRUE,85.2158547768579,4,7.945589991847924,18,TRUE,19894664845,wangwu786@163.com,湖南郑州XX街道,23.57,298,162.4,"$1,568.47 ",438.7,,85-16107107737,2024/4/9,1956/10/5,2024,4,9,1665385466
EMP1003,王五,男,37.66247305595308,成都,运营部,P2,2015/2/11,,9.4,9614.329925626727,2857.3123629521856,834.4093764008683,8790.0504966224,TRUE,85.57369758533753,11,7.750926120536876,30,TRUE,13830448745,wangwu766@gmail.com,四川青岛XX街道,25.42,655,252.37,"$1,568.23 ",370.4,46.87,13-36172221786,2015/2/10,1993/11/18,2015,2,10,1591051108
EMP1082,王五,女,30.775388037990815,广州,,P3,2018/2/16,,6.4,7385.068837102857,791.7650726008102,823.5498621048418,8519.232514031264,FALSE,85.23080033476464,8,8.207410772739626,20,TRUE,19385042337,wangwu58@outlook.com,山东成都XX园区,30.95,470,329.99,￥590.20,348.5,41.49,39-93774863057,2019/9/23,1962/12/1,,9,23,1580691812
EMP1167,李四,男,22,上海,技术部,P4,2021/5/14,,3.1,11691.130226128202,1877.1767096738818,,9376.937449003466,TRUE,100,7,8.09765123842184,40,TRUE,13694164665,zhaoliu353@outlook.com,广东徐汇XX园区,15.38,476,178.98,RMB8662,351.3,27.35,13-38180332966,2016/7/30,1980/12/11,2016,7,30,1683026019
EMP1142,卫十五,女,33.49064981570136,上海,财务部,P2,2018/9/12,,0.7999999999999998,5000,2392.3737879825226,551.4276931616191,3554.309531778679,TRUE,62.84595365069168,11,8.445681303118683,18,TRUE,19459905654,zhaoliu833@gmail.com,,,539,,"￥6,014.54",179.8,5.65,93-86026611852,2019/7/2,1993/7/8,2019,7,2,1617802192
EMP1121,沈十七,男,22,上海,技术部,P2,2019/8/13,,4.9,13479.093748460225,5857.689228858109,613.8731837187547,10306.35048710838,TRUE,79.3895858928172,10,7.7357814631503174,13,TRUE,18131165166,lisi963@outlook.com,山东青岛XX巷,26.82,,85.56,RMB7083,146.9,86.47,63-71076327392,2021/6/10,1966/7/29,2023,4,12,1585224878
EMP1224,李四,女,37.96817062306572,西安,市场部,P3,2023/7/17,,1,12015.522466721628,2430.3375468422773,690.4060262874602,13066.226643158774,,999,-10,5.309334009507165,19,FALSE,15540211187,zhaoliu766@gmail.com,四川杭州XX园区,30.48,392,353.65,215.62,404.7,81.29,85-13733616459,2021/2/25,1963/12/19,2021,2,25,1434347682
,王五,女,24.510278903851926,成都,财务部,中级,2021/10/29,2025/11/9,2.7,10723.320341589622,4981.376128548822,523.312469848389,11792.552934625786,TRUE,67.58186631995402,500,8.040313559992219,18,TRUE,15692697161,wangwu251@company.com,北京南京XX园区,28.21,672,171.24,"￥9,698.43",405.1,99.97,30-68833060730,2018/11/17,1964/2/5,2018,11,17,1730607643
EMP1174,孙八,男,34.3780670156233,西安,人事部,P1,2021/8/20,,2.9,11149.994541235339,1656.3179725940686,463.20567979168095,8341.275173777205,TRUE,61.677772592754806,5,8.51641380580527,20,TRUE,18751028618,lisi675@163.com,广东朝阳XX大道,18.72,617,369.97,,433.5,99.66,53-28373317513,2016/9/19,1965/11/9,2016,9,19,1511584566
,王五,男,33.29407518696844,深圳,运营部,P4,2016年11月27日,,,12406.74158178919,2824.8924685800957,413.91246145980466,9802.57730184211,TRUE,79.92028733449212,5,8.713292424748703,22,TRUE,13592080329,user692@outlook.com,上海武汉XX园区,28.04,593,159.59,"￥2,131.06",456.6,55.55,37-24330564473,2017/10/7,,2017,10,7,1624154732
EMP1082,王五,男,28.52763381222179,上海,财务部,P2,2021/4/3,,3.2,11495.47295870462,1854.9687522787397,628.8636988142721,7542.904171429162,TRUE,85.71112806802951,7,7.515802480466923,21,TRUE,13994027897,user68@qq.com,浙江徐汇XX大道,,131,221.43,,255.7,76.9,21-24516677245,2016/3/19,1959/11/6,2016,3,19,invalid
EMP1177,李四,女,39.66612288204162,成都,运营部,P2,2017/7/8,,-3,16335.683866142434,3365.4598652929017,,10878.736808042084,TRUE,78.84929162242673,5,8.576389249850058,13,FALSE,19259014493,user854@outlook.com,浙江武汉XX小区,21.51,611,78.38,"$1,842.03 ",250.8,94.48,55-60884600851,2017/10/12,2004/5/4,2017,10,,1641747871
EMP1032,朱二十,女,33.20768748046163,成都,产品部,P1,2016/3/21,,8.3,9733.956019074112,1921.35460152334,301.8731219571972,5368.2217277233385,TRUE,67.85826056172729,9,7.854231177739946,19,TRUE,13154318806,user745@qq.com,上海南京XX巷,32.74,553,337.91,RMB3049,399.2,84.97,87-84987658854,2024/6/22,1951/10/3,2024,6,22,1673232852
EMP1043,李四,男,36.7350927154634,成都,技术部,P2,2016/8/21,,7.9,7038.5829913961115,2792.8967550096036,586.9188337313565,100,FALSE,84.1171957368172,8,8.43755162473046,-1,no,15173574218,zhaoliu94@qq.com,湖南徐汇XX小区,19.59,296,297.84,RMB5252,325,24.74,25-20215727379,2015年12月14日,2003/8/27,,,,1494174068
EMP1111,蒋十六,男,32.92590953348195,西安,产品部,P5,2019/3/26,2022/12/2,5.3,11677.17739113149,2906.7161527191315,328.43996148718225,13045.767272492518,TRUE,83.43883014363779,10,8.734880192957617,20,TRUE,18772966010,wangwu957@outlook.com,湖南南京XX大道,34.89,601,262.61,"￥4,324.70",351,,80-94304365998,2021/10/28,1961/11/9,2021,10,28,1676865066
EMP1239,钱七,女,26.469910385432467,上海,财务部,P2,2024/2/11,,,5000,1278.8693601553464,100,5379.267745178613,TRUE,65.16523929365466,9,5.528262116947893,21,0,13963968184,lisi755@qq.com,河南武汉XX路,32.24,460,217.35,RMB2919,397.9,12.92,56-38249512383,2020/5/9,1978/8/25,2020,5,9,1706262012
EMP1040,沈十七,男,24.175752422516773,深圳,人事部,P3,2016/7/11,,8,18599.13474496321,4379.969429299646,403.7078446934622,19027.97967361356,FALSE,72.46964274481657,4,7.4956780710669735,17,TRUE,19165452690,user441@163.com,江苏南京XX园区,17.33,576,319.76,"$6,121.80 ",445,95.41,18-61973405392,2022/10/22,1982/5/30,2022,10,22,1561969964
EMP1084,朱二十,女,23.147194977707592,上海,人事部,P2,2018/3/15,,6.3,7601.410823802951,2008.2888285628746,,6607.294702594919,TRUE,72.03620164009592,9,8.158146989853604,22,TRUE,19224173718,zhangsan630@qq.com,河南郑州XX路,31.46,761,63.91,RMB1403,,60.62,45-97846728339,2024/3/3,1990/5/26,2024,3,3,1719662089
EMP1010,孙八,男,,广州,销售部,P3,2015/5/20,2017/2/24,9.1,11611.475563369451,3445.951648363733,,11628.053736520616,TRUE,68.96119587376404,7,5.894242537554506,31,TRUE,19448059918,wangwu391@outlook.com,,33.64,724,67.4,2928.23,,22.87,56-57943234281,2021/10/17,1991/11/10,2021,10,17,1575199515
EMP1101,陈十三,女,44.22717256255842,深圳, 销售部,P3,2018/11/7,2020/6/30,5.6,8780.162319583444,1098.9513721797655,635.1219923006116,,TRUE,89.8425305191366,11,7.74170257028553,31,TRUE,19308773243,wangwu520@qq.com,山东成都XX小区,15.68,313,,"$3,669.59 ",47.1,67.17,55-21373225387,25/05/2023,1994/11/3,2023,5,25,1677634100
EMP1119,蒋十六,男,31.04901698528229,广州市,人事部,P3,2019/7/16,2020/11/20,5,11402.274055955642,3994.632533873892,551.7420266947665,10687.242792836982,TRUE,,7,7.62157498636319,19,TRUE,18677909930,zhaoliu631@company.com,广东长沙XX巷,26.02,259,80.61,4565.68,289.2,61.82,87-34202047459,2017/8/7,1952/2/14,2017,8,7,1566852997
EMP1036,钱七,女,22,广州,财务部,P2,2016年5月16日,2021/7/3,,10471.091045735393,4017.950834844936,749.3091186462135,9742.639337746978,TRUE,83.9636748241736,8,8.510649553130937,28,TRUE,138-0013-8000,zhangsan623@gmail.com,山东武汉XX大道,34.27,572,93.26,RMB7853,18.1,35.82,78-43196346836,2016/1/30,1977/5/1,2016,1,30,1631854596
EMP1218,王五,F,38.95750829985156,深圳,人事部,P1,2023/4/25,,1.2,9864.580282431863,2367.5263696256834,376.50256876832105,7116.927565109951,TRUE,82.35712640449675,999,7.929264159777255,-1,TRUE,15848933239,user231@gmail.com,湖北朝阳XX巷,25.24,331,120.92,2004.54元,232.9,11.36,30-63525000050,,1998/6/24,,,,1575977183
EMP1110,沈十七,男,22,西安,产品部,P2,2019/3/13,,5.3,8121.9859766160425,1621.0733510575856,324.77405456856104,5550.764230699171,TRUE,71.98498213178227,8,7.973108661922158,18,TRUE,15784683755,user894@163.com,上海朝阳XX园区,32.36,588,66.02,"￥5,146.69",271.4,67.16,44-42456852025,2016/12/12,1955/7/2,2016,12,12,
EMP1147,吴十,男,44.39117330953091,杭州,运营部,P1,2020/8/9,,3.9,16163.656331229495,2085.255956161644,404.99935227659125,15461.90802612904,TRUE,90.77921289902986,12,7.063653758692673,11,FALSE,18599154414,zhangsan688@qq.com,湖北朝阳XX大道,30.25,484,141.28,"$5,927.63 ",143.3,52.04,97-40305022733,2020/10/14,1958/8/3,2020,10,14,1693374669
EMP1208,吴十,男,30.16498399292466,武汉,销售部,P1,2022/12/6,,1.6,14550.877988727665,1000000,464.79050079460967,0.1,TRUE,77.06972922206926,9,9.684054388038309,15,FALSE,18226128312,user234@outlook.com,湖北成都XX路,18.63,432,456.13,473.99,295.5,77.23,14-56407318350,2019/6/25,1987/4/26,2019,6,25,1709188420
EMP1056,沈十七,女,26.604840582093964,西安,产品部,P3,2017/2/18,,7.4,5115.296698841103,912.5283866213872,779.9392277944696,4866.202129805237,TRUE,94.57102010552164,11,9.414860258647119,23,TRUE,13244193987,lisi320@gmail.com,四川朝阳XX巷,27.81,211,94.61,6078.77元,15.3,52.02,61-19739872926,2016/10/23,1990/8/27,2017,10,27,1478682174
EMP1106,吴十,女,120,杭州,财务部,P3,16/01/2019,,5.5,9998.455639518263,1543.986453729698,337.7869696170951,5896.405751416648,TRUE,82.36715248168878,15,6.150453606917651,17,no,19700141462,zhaoliu547@163.com,浙江徐汇XX街道,,383,80.53,1713.37元,18.8,85.22,37-56033091279,2018/5/20,1991/3/14,2018,5,20,1705142330
EMP1186,张三,男,24.99256450630897,广州市,市场部,P3,2022/2/3,,2.4,12382.943335466252,5531.8148692447185,299.48328205119014,7978.849250374808,TRUE,74.0378898797856,7,10,21,TRUE,17738923667,user255@company.com,浙江郑州XX大道,29.45,,91.39,$659.80 ,411.3,55.2,37-77239597077,2024/1/9,1957/10/14,2024,1,9,1597366637
EMP1143,沈十七,男,24.914086502140893,武汉,市场部,P3,2020/6/14,,4,9461.07243893358,1535.9163147062825,632.772817986335,8581.16835317583,TRUE,79.89547856080871,12,6.629462315697664,19,TRUE,18982971099,zhaoliu843@outlook.com,湖南南京XX小区,23.5,237,,"$9,488.42 ",180.2,56.1,60-72890569906,2016/11/26,2002/4/30,2016,11,26,1422823364
EMP1134,卫十五,男,46.72571172143204,北京,运营部,P1,2020/2/10,,4.4,13409.161776665145,5567.672500206509,592.646609340805,10980.108032850394,TRUE,100,3,7.069822826658701,24,TRUE,17923450567,zhaoliu647@company.com,上海武汉XX小区,16.15,351,341.81,9655.70元,63.6,87.67,28-28317520862,2020/3/25,1979/4/8,2020,3,25,1675430900
EMP1102,韩十八,男,32.36248695839267,西安,技术部,P3,2018/11/21,,5.6,13584.797601536719,2376.507056742377,772.7935747321726,9670.314242296237,TRUE,78.55096492656854,11,10,34,TRUE,18361976301,user678@qq.com,浙江武汉XX街道,32.14,,276.61,"￥8,085.08",261.2,40.35,41-86214147353,2016/5/4,1973/1/24,2016,5,4,1592467198
EMP1085,钱七,女,42.705075855876736,上海,人事部,P1,2018/3/29,,6.3,0.01,,827.5305016798243,0.0019998359249579823,TRUE,63.45549735621992,12,8.179294981905066,17,TRUE,17147659674,user978@outlook.com,山东朝阳XX小区,25.62,658,411.46,"￥3,052.79",385,13.41,78-68345352569,2024/1/24,1999/8/26,2024,1,24,1693374669
EMP1247,,女,33.40010395820224,上海,产品部,P1,2024/6/2,,0.1,13956.335512602971,3134.661615796893,579.9413078882446,4798.347305910139,TRUE,82.72088350630632,5,6.75827626633572,17,TRUE,19900122509,wangwu655@qq.com,湖南徐汇XX园区,18.56,764,161.22,985.65,108,2.89,84-58960052375,2024/5/9,1995/4/6,2024,5,9,1440065942
EMP1126,沈十七,男,26.906293516006432,广州,产品部,P1,2019/10/21,,4.7,6411.390773807393,1148.1269915645044,750.856977821379,4322.94733956093,TRUE,80.75812468097975,8,7.493445003112651,25,TRUE,17507059676,zhaoliu630@qq.com,湖南朝阳XX园区,23.49,186,403.07,"￥6,844.80",311.5,75.52,38-79313607044,2018/8/9,1996/9/27,2018,8,9,1514417440
EMP1044,陈十三,女,32.56554140805385,成都,销售部,P2,2016/9/4,,7.8,13174.595095452281,1592.9619165529257,320.3714244322925,7254.591848797621,TRUE,73.66204700290477,4,8.668517550285195,,TRUE,15533550699,zhangsan832@gmail.com,山东杭州XX路,19,508,291.21,4406.68元,42.8,62.03,73-27650808629,2020/4/20,1955/10/23,2020,4,20,1693374669
EMP1142,孙八,男,37.36337206421875,成都,财务部,P1,25/03/2015,2016/6/17,9.3,15758.317649420716,6913.394581033576,753.0631961981251,8687.118071873936,FALSE,78.86622692205121,8,7.002432642031659,22,FALSE,17637500247,wangwu824@gmail.com,湖南成都XX小区,19.42,525,119.79,1229.04元,25.9,70.41,90-68757219412,2023/10/22,2000/4/10,,10,22,1575447998
EMP1115,蒋十六,男,30.52883164545669,上海,运营部,P5,05/21/2019,,5.1,16432.171433532938,8127.808744784968,100,9225.059645307841,TRUE,88.32858128865581,10,7.388200980197839,34,TRUE,17682624278,not_an_email,北京郑州XX小区,28.37,206,81.89,RMB4956,265.7,21.3,86-61812456976,2015/5/11,1954/1/30,2015,5,11,1693374669
EMP1142,蒋十六,男,27.85243304350949,成都,产品部,P1,2019/4/9,,5.2,15555.092468044604,3140.036617475989,,17488.188331332967,TRUE,89.20262920550562,7,6.785030755814731,17,TRUE,17351785565,zhangsan86@gmail.com,,25.2,220,76.27,,270.4,13.65,58-80729735682,17/03/2016,1972/6/7,2016,3,17,1663968400
EMP1061,冯十二,男,33.20785134262933,深圳,市场部,P2,2017/4/29,,-2.8,9643.639109874395,3066.000931127015,729.9181379397253,9965.957541068534,FALSE,77.0027489695872,5,7.644431116657878,14,TRUE,13103807155,user540@company.com,广东徐汇XX园区,30.1,669,334.35,"￥9,093.20",318.8,1.46,42-87185193913,07-15-2015,1995/4/12,2015,7,15,1492089645
EMP1076,陈十三,女,33.30733438393768,成都,销售部,P1,2017/11/24,,6.6,13297.035184140788,2134.250123455712,509.6382325890434,6698.30557567705,TRUE,71.8230457855373,10,8.784828769077777,25,TRUE,18475442872,user928@163.com,山东南京XX街道,34.78,787,121.87,2594.95,363.1,35.07,11-86814581501,2019/9/27,1999/1/26,2019,9,27,1480518369
EMP1051,朱二十,男,41.7351274131408,西安,技术部,P1,2016/12/11,2019/10/5,7.6,12422.615300104246,5743.778405059441,434.3708310346853,12207.380399497704,TRUE,96.03561339650639,6,7.338811530987459,21,FALSE,13178663096,@company.com,江苏成都XX园区,18.26,,,RMB6628,487.9,59,44-99200452323,2024/9/18,1971/4/6,2024,9,18,1520006465
EMP1127,钱七,男,32.066256358158775,北京,市场部,P1,2019/11/4,,4.7,16888.26109678474,3842.534186021364,579.1363113680218,12279.568808869508,TRUE,60.3783434956713,11,7.351554055681989,14,TRUE,17917364173,lisi537@qq.com,江苏郑州XX大道,18.21,303,162.49,"￥3,123.68",258.2,39.23,53-49133818601,2021/12/4,1964/6/23,2021,12,4,
EMP1158,张三,M,22.171990925332317,上海,销售部,P3,2021/1/9,,3.5,8954.280982297663,2673.803539308566,,5199.847343471625,TRUE,81.31784801202282,,9.8673253250325,22,TRUE,19496232693,zhaoliu830@qq.com,湖北广州XX巷,32.08,567,488.73,5204.96,161.5,43.75,65-70808824522,2022/3/17,1957/5/13,2022,3,17,1523744278
EMP1223,蒋十六,女,31.567119412275215,北京,市场部,P2,2023/7/3,,1,10506.281219935277,3793.7262134192238,711.4273537601858,5315.296266020609,TRUE,72.20986305184726,,7.893598868607046,21,TRUE,18207064620,zhangsan979@gmail.com,湖北徐汇XX巷,28.68,505,258.97,"￥5,471.09",397.6,90.42,10-79486780724,2016/9/3,1957/10/26,2016,9,3,1649663034
EMP1081,赵六,女,37.90998259668193,西安,财务部,P1,2018/2/2,,6.4,6623.588735270346,867.6467439353504,488.4628794205288,5280.330404418052,TRUE,91.00808029897195,8,6.641452603486809,28,TRUE,13223847257,lisi70@company.com,浙江郑州XX大道,27.89,458,142.61,RMB1857,135.5,34.83,23-99638194710,2016/11/9,2004/12/6,2016,11,9,1693374669
EMP1002,郑十一,男,22,成都,销售部,P3,2015/1/28,,9.4,5000,2196.406257105791,587.0476274370263,3618.562991909994,TRUE,62.07054951790026,6,5.990927421089637,18,FALSE,18668132202,,山东杭州XX大道,21.54,285,388.19,9695.18元,,51.4,48-99514288247,2022/3/6,2002/3/23,2022,3,6,1553210864
EMP1063,冯十二,男,34.220028892973325,广州,产品部,P4,27/05/2017,2019/9/21,7.1,5000,1904.7974421611973,444.99865376970973,5442.7477517869,TRUE,69.40059932330578,8,6.935108764638629,26,TRUE,18702269164,lisi969@gmail.com,河南郑州XX巷,16.77,518,383.16,RMB7753,39.3,78.37,74-38385310919,2016/4/13,1993/9/26,2016,4,13,
EMP1037,杨十九,女,42.43265629135087,北京,运营部,P5,2016/5/30,,8.1,9278.016225299976,1006.2929842092427,180.25942763421313,7772.161914794469,0,85.6894145009113,10,6.881567823625758,24,TRUE,18406284028,user562@outlook.com,湖北成都XX小区,29.65,,,9394.65元,12.8,39.66,29-83708291861,2025-02-30,1994/10/7,,,,1597007836
EMP1244,朱二十,女,22,广州,市场部,P3,2024/4/21,,0.2,13173.099861041259,3162.5268081104773,527.4745677596447,7974.294487843747,TRUE,92.95124410196476,9,9.410189391552969,24,FALSE,17717199615,wangwu597@gmail.com,山东武汉XX路,23.82,135,380.73,RMB8948,481.3,62.21,77-13944899549,2019/1/8,1962/4/12,2019,1,8,1693374669
EMP1133,杨十九,男,32.48192011898697,北京,市场部,P5,2020/1/27,2023/11/27,-0.6,17284.24695341387,7278.032768418327,708.7691989614157,14912.032816970415,TRUE,94.480027900567,7,9.179660178414743,21,TRUE,13705557720,wangwu347@outlook.com,湖南长沙XX路,33.12,120,406.16,"$5,982.42 ",418,86.24,86-75816749115,2020/13/45,1973/2/15,,,,1693374669
,钱七,女,27.71654515011761,深圳,人事部,P3,N/A,2020/9/20,,6526.547631783911,3197.3820033392863,0.5,4320.209693268844,TRUE,67.17915741672465,4,6.637497853756561,12,TRUE,18304666325,not_an_email,湖北武汉XX小区,,683,446.77,,348,94.95,12-52119777069,2019/7/6,1959/10/1,2019,7,6,1586996612
EMP1148,杨十九,女,22,杭州,,P2,2020/8/23,,3.9,999999,381311.64030487865,515.5152619556658,1008990.8288255114,TRUE,78.19457912100292,4,7.519850498337508,25,TRUE,17446071904,lisi147@qq.com,四川郑州XX路,25.78,777,322.28,￥893.95,204.5,14.72,40-40313557786,2024/6/15,1959/8/28,2024,6,15,1617365228
EMP1199,张三,女,120,武汉,运营部,P3,2022/8/3,2026/6/30,1.9,10628.139335373384,1802.4363508667989,372.14283653718826,9886.068965957555,FALSE,90.71908780738157,11,9.366536974306555,23,TRUE,17224469868,user412@outlook.com,北京成都XX小区,28.04,538,101.01,"$1,967.67 ",86.7,92.66,82-22657051510,2018/9/14,1956/3/30,2018,9,14,1502282474
EMP1165,王五,男,36.169508402988036,杭州,技术部,P5,2021/4/17,,3.2,15869.244932152862,3913.680722292246,320.6831173088109,8562.425403910924,TRUE,71.26907560821907,12,8.98645040471473,19,TRUE,15424557359,zhaoliu421@outlook.com,湖南长沙XX园区,34.99,199,469.33,461.78元,78.3,49.22,20-77568028623,2020/5/2,1978/7/27,,5,2,1714909629
EMP1046,孙八,男,38.97110383661249,深圳,运营部,P3,2016/10/2,,0.1,7451.284896789759,1335.855585975809,362.6437132296877,5064.364009849054,TRUE,68.21230770883992,13,7.477871779265433,19,TRUE,18805849060,zhaoliu992@qq.com,广东杭州XX巷,33.65,416,445.15,"￥3,259.72",125.2,25.83,18-27720006480,2024/1/14,1971/3/17,2024,1,14,1537300444
EMP1009,钱七,男,23.776110841319444,杭州,财务部,P1,2015/5/6,,9.2,7115.69014364773,1660.232425468719,458.28153481273796,7310.084054942787,TRUE,78.34503565231658,7,7.821983385430615,15,FALSE,19936043811,wangwu127@outlook.com,北京广州XX小区,20.92,723,194.33,"$3,892.50 ",274.7,,94-33836224944,02-28-2018,1988/8/16,2018,2,28,1463995386
EMP1145,沈十七,女,32.71452441373169,北京,销售部,P3,2020/7/12,,4,11775.462868161661,5144.434689094125,836.6117872805464,7695.550902567294,FALSE,77.06081361349084,13,7.26750422492224,19,TRUE,15567600762,user171@company.com,北京杭州XX园区,29.11,448,295.4,"￥2,720.51",357.3,98,43-68439875878,2021/11/13,1960/8/2,2021,11,13,1722927377
EMP1156,孙八,男,36.34523288695597,北京,财务部,P1,2020/12/12,2021/8/11,3.5,8034.8384734387155,1000000,504.0851037836174,0.1,TRUE,76.07954199376911,10,7.259781690809942,20,FALSE,18581223755,lisi293@outlook.com,上海杭州XX路,34.28,,389.97,8288.26,330.1,49.27,37-87004097118,2015/9/4,1995/11/12,2015,9,4,1528573694
EMP1142,赵六,男,26.70573602759998,成都,财务部,P1,2017/4/15,,7.2,15748.267500408125,7390.8888453667705,483.35662595320156,13983.310008367847,TRUE,74.16882462866006,9,8.338408384107273,19,TRUE,13199104722,user354@qq.com,湖北青岛XX园区,17.92,674,333.69,3573.61元,,32.88,98-62878418842,2023/11/23,1978/11/8,2023,11,23,1699397837
EMP1024,张三,女,,杭州,人事部,P4,2015/12/1,,8.6,12580.322598036975,2884.1406915588263,100,13068.95006678065,TRUE,100,10,7.921833997125335,21,FALSE,15876693898,user71@163.com,山东徐汇XX街道,21.02,565,387.44,2816.25,477.4,63.34,95-60035845262,2020/5/6,1968/8/3,2020,5,6,1682479119
EMP1142,赵六,男,29.66354790412779,成都,财务部,P1,2020/5/31,,4.1,11582.805954489093,4364.064748776197,818.5902396417781,5989.164275406618,TRUE,89.91434977719439,8,9.466049767423945,34,TRUE,17174041730,user821@gmail.com,浙江长沙XX路,26.26,465,345.14,5430.99元,369,24.02,66-82583289803,2020/2/8,1973/6/28,2020,2,8,1663476214
EMP1072,韩十八,男,,武汉,技术部,P1,2017/9/29,,6.8,15442.89870896047,6500.062447660738,610.3906295991568,12325.366752329988,,75.10006853055117,10,8.033762614641505,17,TRUE,18126614158,user852@company.com,上海徐汇XX街道,16.75,288,223.86,"$1,417.69 ",,7.6,67-40584480151,2015/2/27,1996/3/3,2015,2,27,1720043560
EMP1228,王五,女,31.733019401908457,深圳,运营部,P2,2023/9/11,,0.8,13887.449352124031,5981.979074620363,590.7245919994184,12149.648116679378,TRUE,77.31060203795246,3,7.381404426766063,29,TRUE,17773020489,wangwu103@company.com,四川朝阳XX路,30.53,167,385.15,8023.15元,305.9,12.9,38-53224662108,2016/3/31,1970/12/27,2016,3,31,1632614945
EMP1203,钱七,男,35.03624454620442,成都,市场部,P4,2022/9/28,2023/12/6,1.8,13863.093273963294,4435.507346271651,619.9300933826453,7063.909955527356,TRUE,70.74484451519683,12,9.895840346726608,25,TRUE,13318568997,wangwu345@outlook.com,上海长沙XX大道,18.7,340,251,754.69元,209.9,12.81,12-85541210722,2020/12/8,1990/10/14,2020,12,8,1693374669
EMP1136,冯十二,男,28.584046786549422,杭州,产品部,P2,2020/3/9,,4.3,9833.963998215035,1516.8953034277656,243.6297193114674,10969.226661129922,TRUE,74.04553461209727,7,100,22,TRUE,13721358005,zhangsan956@gmail.com,湖南南京XX园区,32.38,179,134.5,"$9,868.01 ",123.9,15.2,39-42592102130,2017/9/7,1964/5/17,2017,9,7,1693374669
EMP1155,卫十五,男,28.037099879747025,成都,产品部,P4,2020/11/28,,3.6,17061.782079566616,4007.55661828466,822.7605430072306,10000.533001771524,TRUE,69.57061807134212,9,8.683248988188454,20,TRUE,18696115913,user269@qq.com,广东杭州XX大道,23.45,761,138.76,7723.95元,178.1,13.89,10-17005533878,,,,,,1457095970
EMP1086,,女,32.92151196843499,广州,市场部,P2,2018/4/12,,6.2,9588.140399391361,3403.415832240908,980.603638357098,4799.369159941742,TRUE,87.94755285264424,13,9.442917086935472,22,TRUE,86-138-0013-8000,zhaoliu668@outlook.com,浙江青岛XX街道,23.17,604,481.71,"￥1,994.97",378.9,64.09,39-20009114172,2024/6/8,1961/12/15,2024,6,8,1516668337
EMP1048,孙八,女,22,北京,运营部,P2,,,,18131.73348214223,4369.959847383338,100,20945.70463721885,no,87.80632515109934,9,8.513992897003307,24,TRUE,17524971817,lisi359@qq.com,湖北广州XX小区,19.04,656,,,7.3,18.2,75-45381960493,2017/4/14,1965/8/29,2017,4,14,1645721699
EMP1016,杨十九,男,31.383688715767693,上海,运营部,P1,2015/8/11,,8.9,13158.614792839031,1878.1079985645918,887.922381721489,3608.561454574436,TRUE,91.36026481365988,10,8.92958796306809,24,TRUE,15679064766,lisi465@company.com,广东朝阳XX大道,24.29,700,239.6,"$8,155.64 ",58.1,34.57,95-37854643175,2017/8/23,2004/11/11,2017,8,23,1622708410
EMP1142,孙八,男,37.36337206421875,成都,财务部,P1,25/03/2015,2016/6/17,9.3,15758.317649420716,6913.394581033576,753.0631961981251,8687.118071873936,FALSE,78.86622692205121,8,7.002432642031659,22,FALSE,17637500247,wangwu824@gmail.com,湖南徐汇XX大道,18.54,342,236.47,RMB7071,23.1,89.68,79-89762022746,2018/6/19,,2018,6,19,1709576225
EMP1238,钱七,男,27.994641507945897,广州,运营部,P1,2024/1/28,,0.4,15474.039468478019,2431.192177780046,533.6094338360541,8870.68568015971,TRUE,69.54333707284181,14,10,23,TRUE,18784944881,zhangsan167@gmail.com,江苏杭州XX路,,411,295.38,"$7,292.05 ",20.5,47.4,70-37518113010,2019/4/10,1971/4/22,2019,4,10,1708480053
EMP1183,钱七,男,32.0434794893525,西安,技术部,高级,2021/12/23,,2.5,10057.863845442009,4397.880886325304,791.5362400712409,5698.177916277828,TRUE,77.57811083830423,4,8.187519489943396,31,TRUE,19809939880,zhaoliu779@163.com,江苏武汉XX巷,29.36,445,139.16,"$7,714.22 ",427.7,66.76,22-59095990995,2022年3月17日,1998/4/13,,,,1421906308
EMP1171,陈十三,女,43.194096791700304,上海,运营部,P1,2021/7/9,2022/5/11,-3,5948.17293359893,1467.3474257020437,50000,6890.221429021983,TRUE,90.91678361358942,6,8.300173337279064,22,TRUE,13530256336,user867@gmail.com,山东徐汇XX大道,25.69,297,206.75,749.63,351.9,17.24,64-71895212988,2017/3/23,,2017,3,23,1712338466
EMP1014,冯十二,男,33.52617564492795,广州,销售部,P1,2015/7/14,,9,6716.298775746795,1978.5753191389147,674.9488166062941,3538.5027522941505,TRUE,78.17930352584118,4,8.048396481066973,17,TRUE,15237859287,wangwu120@company.com,湖北广州XX小区,25,387,248.24,3590.71,237.1,19.24,16-98791424611,2024/5/21,1972/2/7,,5,21,1667337912
EMP1128,冯十二,女,32.885662435126385,杭州,财务部,P3,2019/11/18,2020/7/21,4.6,13283.50604473831,4481.835895313864,650.5845330575662,9749.439039286444,,69.16146006950997,8,5.017203438114716,18,TRUE,18370874491,user520@outlook.com,广东南京XX园区,24.43,785,455.04,1167.42元,49,4.1,92-14717668846,2017/7/15,1981/4/23,2017,7,15,1480624607
EMP1124,孙八,,30.6156166870607,北京,技术部,P1,2019/9/24,,4.8,8389.201343109868,2723.4518936638924,646.0713862402398,7153.657871128491,TRUE,77.81365161326892,8,7.3123628885453344,18,TRUE,19706011277,zhangsan857@qq.com,江苏杭州XX大道,25.88,337,384.15,RMB8632,245.9,16.9,61-56077326507,2017年7月9日,1955/12/31,,,,
EMP1103,张三,男,36.03755676739672,武汉,财务部,P3,2018/12/5,,5.6,5000,564.9415433834965,,4818.3015096946365,TRUE,85.1250383951596,8,7.549736923839323,15,TRUE,13935822550,lisi386@outlook.com,河南郑州XX路,31.2,590,277.67,"$6,236.12 ",236.8,27.87,23-36837774596,2015/9/5,1979/8/25,2015,9,5,1428441373
EMP1053,李四,女,26.458034546026838,深圳,人事部,P5,2017/1/8,,7.5,7819.142550717158,1340.2629272502907,,2566.757331750028,TRUE,86.55539949253128,10,8.48583883155633,17,FALSE,17406002884,wangwu7@gmail.com,,20.31,504,418.43,3315.34元,86.7,17.71,34-72432871908,2016/9/30,1976/12/6,2016,9,30,1693374669
,王五,男,28.162835508215274,上海,产品部,P2,,,,9532.676491510916,1495.4152748384404,,9526.24394294594,TRUE,84.14198551424352,8,8.251003772826502,19,TRUE,13922050912,zhangsan811@gmail.com,北京朝阳XX园区,33.91,516,327.17,￥644.88,217,8.88,27-33286804321,2017/8/18,1965/1/29,2017,8,18,1551432246
EMP1181,卫十五,女,39.72849426497435,西安,产品部,P1,2021/11/25,,2.6,13340.08518320841,2265.1383874767034,454.35988409955786,9807.127803736528,TRUE,74.39942777425662,9,7.378441538606619,26,TRUE,13348545713,zhaoliu476@company.com,四川长沙XX街道,21.17,121,142.95,"$3,116.40 ",199.3,12.07,45-42051743509,05-01-2018,1984/9/27,2018,5,1,1536687116
EMP1080,吴十,女,27.870634914939707, 深圳,财务部,资深,2018/1/19,,6.4,12069.821861010623,3812.43084900321,355.1627468116295,6847.066265156803,TRUE,57.634576274782304,11,9.037938605613965,17,TRUE,18829627019,user331@outlook.com,上海成都XX园区,16.42,186,115.82,"￥3,258.26",308,46.08,19-25248531107,2020/8/26,1963/3/13,2020,8,26,1575338734
EMP1118,沈十七,男,28.23234669806192,,技术部,P3,2019/7/2,,5,14303.617747729344,1732.602332233236,244.37337196296681,13754.305513700112,TRUE,66.94166255407141,9,7.465097890483807,23,FALSE,17420632895,user@company,河南广州XX园区,16.19,651,422.96,7298.04元,317.6,,16-32490078656,2019/3/23,1999/7/2,2019,3,23,1730071029
EMP1209,李四,男,49.09053039518628,成都,人事部,P3,2022/12/20,,1.5,13799.600917637572,6080.309347253805,539.3113555399165,10967.691432862943,TRUE,80.33960152984879,10,8.51994096012711,25,TRUE,17646397165,lisi645@outlook.com,上海武汉XX小区,29.41,504,,6378.56,22.7,36.43,62-76510322199,2015/8/29,1960/1/19,2015,8,29,1582050147
EMP1132,褚十四,男,35.82872766824303,杭州,产品部,P1,2020/1/13,,4.5,17321.526742632243,1884.4561114938135,433.52910529620704,19540.569294493067,TRUE,91.71159553538192,7,7.133432940045364,,TRUE,13767154083,zhangsan753@outlook.com,江苏朝阳XX小区,18.4,312,152.32,,187.4,50.35,37-65253252721,2022/10/31,1963/6/5,2022,10,31,1642070045
EMP1173,沈十七,女,33.98062329155239,上海,运营部,P2,2021/8/6,,2.9,5685.299192388043,1997.1469028811734,261.3005118200945,5098.373199933651,TRUE,80.47085187099627,7,8.1628225441483,22,TRUE,17191462297,zhangsan657@outlook.com,河南朝阳XX巷,19.82,361,114.13,"￥4,726.95",313,69.04,17-62246718600,,2001/8/29,,,,1693374669
EMP1004,张三,女,,成都,市场部,P2,2015/2/25,,9.3,19803.40720947172,5718.451752899683,726.714658157804,10902.974642156101,TRUE,88.23766232597781,9,7.972882600346117,25,TRUE,19906248900,user544@gmail.com,江苏武汉XX小区,27.45,403,473.15,"$1,204.63 ",251.6,3.94,10-65771476808,2018/4/15,2002/8/5,2018,4,15,1604947901
EMP1222,朱二十,男,25.761470499252745,上海,产品部,P3,19/06/2023,,1,10156.670640812948,3416.160692360772,340.229539787484,7622.4676734407385,TRUE,100,6,7.680960097175243,19,TRUE,19456476596,zhaoliu978@gmail.com,河南青岛XX街道,20.98,,269.89,RMB7135,428.3,79.94,43-73501647053,2019/10/1,1988/5/12,2019,10,1,1591160859
EMP1139,卫十五,女,32.83720183866973,上海,运营部,P1,2020/4/19,,4.2,10174.454154650099,3633.527891990285,356.557464553308,8571.482883115865,TRUE,97.85637686225776,2,8.962588149395375,21,FALSE,19841541582,zhangsan280@gmail.com,山东朝阳XX巷,33.23,195,391.89,7609.48元,329.4,62.79,46-77510049482,2024年2月14日,1988/5/31,,,,1518760874
EMP1008,李四,女,40.56597238468504,广州,财务部,P3,2025-02-30,,,5706.200959591126,1491.6465631897277,408.2584260923282,2136.119239582781,TRUE,91.91423353536243,7,8.675407995585925,22,TRUE,19313579170,zhaoliu375@outlook.com,江苏徐汇XX大道,19.68,440,310.46,"$5,616.60 ",81.6,8.19,29-49470310796,2018/1/14,1971/12/30,2018,1,14,1581498232
EMP1018,郑十一,男,30.730302178235,杭州,产品部,P3,2015/9/8,,8.8,15116.119470520518,7251.390988403715,713.945858040093,11341.009664626947,TRUE,87.38757642502485,5,6.6635053754937505,24,TRUE,18655742829,zhaoliu854@qq.com,湖南郑州XX园区,22.82,600,273.88,7711.19,35.4,,37-18455542342,2022/5/24,1960/4/10,2022,5,24,1450978215
EMP1162,赵六,男,35.5190042424128, 上海,市场部,P2,2021/3/6,,3.3,500000,204568.01668530068,386.3456427848918,339933.30482796446,TRUE,72.89816113968158,7,6.5570195617024485,,TRUE,15305665554,lisi810@163.com,江苏徐汇XX小区,15.69,798,241.43,4942.52,321.2,92.09,84-86174411141,2023/9/13,1992/12/19,,9,13,1492032096
EMP1141,沈十七,女,32.91714533455089,武汉,财务部,P5,2020/5/17,,4.1,19393.402517069706,9211.720143111073,,22243.319342954757,no,90.69232906920227,9,9.216400503040205,19,TRUE,19940348305,lisi709@company.com,河南武汉XX小区,21.05,486,482.41,5231.58,,6.12,17-56162203547,10/03/2015,1953/10/28,2015,10,3,1462492214
EMP1194,陈十三,男,23.738014773239897,西安,市场部,P1,2022/5/25,,2.1,18229.507269614303,3039.1311026455846,762.7771242027959,16366.8783020324,FALSE,84.4830604270121,5,8.268608207339884,17,TRUE,15728492896,not_an_email,湖南徐汇XX路,29.13,352,146.45,"$4,280.71 ",292.9,27.69,17-87524771010,09-05-2018,1981/6/3,2018,9,5,1522305642
EMP1184,孙八,男,34.789143860005154,成都,销售部,P3,2022/1/6,,2.5,12496.180473706881,4469.698891897602,600.3846316954136,8001.658417049853,TRUE,78.48873215194416,10,6.983223166578636,22,TRUE,13684719405,wangwu478@163.com,江苏武汉XX路,,649,477.8,263.91元,470.1,80.62,71-82381880778,2020/8/13,1955/3/23,2020,8,13,1441273531
EMP1159,孙八,男,50.515257532906105,成都,销售部,P3,2021/1/23,,3.4,10501.870962450867,1568.217048467834,782.9229236282216,6037.461374501474,TRUE,62.37343049885001,11,8.296076541304318,18,TRUE,18900942073,wangwu727@gmail.com,河南广州XX街道,32.08,205,151.25,"$1,087.73 ",287.8,74.83,30-20771041378,2020/2/10,1956/2/23,2020,2,10,1720072167
EMP1137,王五,女,37.746768190578806,深圳,销售部,P3,2020/3/23,,4.3,11713.412456753407,1853.66460742712,180.61833357589177,5963.382025582049,TRUE,73.87320479051425,6,6.677981744085583,23,TRUE,,user260@company.com,江苏杭州XX路,18.01,169,161.53,$323.95 ,194.1,18.46,33-91898675497,2020/1/12,1981/6/27,2020,1,12,1582814429
EMP1142,蒋十六,男,30,广州,技术部,资深,2022/3/15,,9.5,18000,2828.026443812395,626.5915665219978,7740.555805796182,TRUE,90,4,8.196360516402553,18,TRUE,13217734861,lisi926@qq.com,上海成都XX小区,27.47,552,346.09,RMB6367,321.7,20.94,18-62549800598,2021/6/13,2000/4/13,2021,6,13,1693374669
EMP1065,钱七,男,26.181104582333823,深圳,市场部,P4,2017/6/24,,7,16386.609075064385,8122.024879699689,696.7429387055995,,TRUE,76.97148575910961,8,6.431718525261538,20,TRUE,15685823118,zhaoliu133@163.com,河南成都XX路,23.21,131,258.11,RMB3150,229.2,,25-42511508344,2020/2/14,2005/2/9,,2,14,1677160286
EMP1030,李四,男,45.94982837689021,上海,财务部,P3,,,,10230.30804302572,2567.187268955678,426.69416351858536,10481.162854646283,TRUE,83.20646424729067,2,8.545403086502754,23,FALSE,15552991960,zhaoliu117@outlook.com,广东郑州XX路,24.41,662,362.76,5090.11元,272.9,48.46,84-16848407638,2018/7/30,1991/3/4,2018,7,30,1632981812
EMP1213,杨十九,女,22,广州,销售部,P1,2023/2/14,,,,,,,TRUE,85.26161159903548,8,8.976363378370683,26,yes,18464938258,user894@company.com,湖南长沙XX路,16.18,424,364.92,RMB9076,470.7,61.83,89-66186690900,2022/11/29,1954/3/18,2022,11,29,1624407817
EMP1242,卫十五,男,35.65793344612729,杭州,,P3,,,,13988.619313413757,6256.259805363511,,10094.491310857276,TRUE,80.08954452133153,7,5.025755940975417,22,TRUE,17590523712,lisi489@163.com,湖南武汉XX巷,28.48,389,392.1,2500.18,193.1,36.9,94-89816264716,2017/11/20,1973/5/16,2017,11,20,1613124333
EMP1057,李四,女,28.91792249024709,,财务部,P4,2017/3/4,,7.3,8335.433933674627,3980.224324468008,573.3299624294588,3611.8144814627294,,73.82331312279005,7,6.270892678541784,17,TRUE,19266910922,user87@outlook.com,广东长沙XX大道,23.99,512,201.41,RMB4109,480.6,46.26,76-36889783906,2020/9/13,1993/12/20,2020,9,13,1672097350
EMP1007,张三,男,,北京,产品部,P2,2015/4/8,,9.2,8399.783069343002,3635.229697556066,404.285061697497,8976.194099457645,TRUE,67.99587218193874,7,8.244686421613885,30,FALSE,13771410971,lisi881@163.com,浙江杭州XX小区,31.69,455,187.31,7557.2,452.7,74.75,95-56025693325,not a date,1979/10/16,,,,1588040330
EMP1098,郑十一,女,40.68803140715109,西安,财务部,P1,2018/9/26,,5.8,12386.704484560929,4111.253455535958,802.2160390270259,10211.273483086472,TRUE,76.78851174862986,6,8.203313700690739,25,TRUE,15822408848,user662@qq.com,,31.27,617,398.83,,98,3.68,40-62680413201,2023/1/31,1991/7/1,2023,1,31,1498383260
EMP1089,张三,男,37.65211302605846,深圳,销售部,中级,2018/5/24,,6.1,14327.115838875558,3505.364331458669,299.92148610290394,13520.425763667661,TRUE,,7,6.549022240544865,27,FALSE,17644518647,user@company,北京南京XX巷,15.98,165,247.14,$778.95 ,34.8,25.25,26-98784233468,2024/10/17,1969/4/2,2024,10,17,
EMP1236,蒋十六,女,33.01040427107686,武汉,运营部,P2,2023/12/31,,5.5,,,169.58064106565456,,TRUE,75.45980260983025,8,7.089802815712224,22,TRUE,13754436820,wangwu466@gmail.com,江苏徐汇XX路,28.32,106,50.27,"$2,904.33 ",50.5,71.34,48-54913437557,2019/2/25,1996/3/14,2019,2,25,1578521753
EMP1142,蒋十六,男,27.85243304350949,成都,产品部,P1,2019/4/9,,5.2,15555.092468044604,3140.036617475989,,17488.188331332967,TRUE,89.20262920550562,7,6.785030755814731,17,TRUE,17351785565,zhangsan86@gmail.com,广东青岛XX大道,16.53,331,93.47,RMB1620,9.2,89.52,19-70169551731,2016/10/24,1994/1/18,2016,10,24,1551966896
EMP1150,冯十二,女,32.77272747375388,深圳,技术部,,2020/9/20,,3.8,11727.443544850574,5488.631464578434,712.8380621097701,13554.548770259684,TRUE,87.87909997731705,4,8.0974706037803,17,FALSE,18711871397,wangwu393@gmail.com,山东朝阳XX街道,33.07,359,398.72,9296.75,47.3,51.17,89-91597740482,2023/10/24,1987/12/21,2023,10,24,1558192849
EMP1071,陈十三,女,26.305287554436347,成都,运营部,P2,2017/9/15,,6.8,5000,2498.921362119346,576.8571776334595,5728.077214192546,TRUE,67.02930161205349,10,8.761140719818686,12,TRUE,15274484941,,北京南京XX小区,27.23,149,65.46,"￥8,082.31",341.5,53.22,22-83329096416,2017/1/24,1999/4/2,2017,1,24,1683428097
EMP1144,李四,,26.474570915643262,北京,销售部,P3,2020/6/28,2021/9/4,4,15106.58411357659,2981.692958156006,519.8370179955455,13358.038804607326,TRUE,63.48359156270495,6,6.601800061089411,28,TRUE,17782454310,zhangsan336@qq.com,江苏南京XX大道,20.62,562,191.54,"￥6,337.07",35.7,,37-46532496588,2024/7/5,1991/1/6,2024,7,5,1495181261
EMP1157,钱七,女,39.281319953549264,北京,财务部,P2,2020/12/26,,3.5,15682.392970847262,1889.5671154317658,303.58973160142125,11301.543408000902,TRUE,84.5771702597395,9,6.678613830650693,24,TRUE,15534222401,lisi139@qq.com,广东徐汇XX小区,27.93,,257.25,,159.6,44.75,26-61252958782,2023/8/3,1989/8/28,2023,8,3,1711099104
EMP1170,李四,男,28.121612946110513,北京,产品部,P5,2021/6/25,,3,10134.78409022035,1785.2697285544023,823.6184036339132,6865.765165347026,TRUE,76.05520406451551,11,7.953901028837675,17,TRUE,13371096600,lisi331@163.com,湖北郑州XX小区,25.65,366,343.72,"$8,037.88 ",422.5,53.27,18-43841208003,2017/9/15,1971/2/10,2017,9,15,1459947434
EMP1067,孙八,男,35.0345384996279,西安,市场部,P2,2017/7/22,,6.9,18416.36501390896,6792.393746224751,463.48162444379096,14974.182076659705,TRUE,150,9,7.698755444171333,16,yes,abc12345678,zhaoliu447@qq.com,广东青岛XX大道,31.05,437,208.71,"$1,873.65 ",11.7,24.25,57-32698848018,2019/3/17,1976/9/3,2019,3,17,1641442989
EMP1204,冯十二,男,36.303889781120816,武汉,销售部,P4,2022/10/12,,1.7,19468.89681724926,6771.925509530653,773.699540260992,13866.79345625077,TRUE,83.43534227465913,14,10,21,TRUE,17570423569,zhaoliu307@outlook.com,北京成都XX小区,21.22,528,476.76,8925.77,407.3,26.93,66-86595351346,2023/3/31,1955/10/7,2023,3,31,1501125024
EMP1015,冯十二,女,25.148300277432025,成都,技术部,P3,2015/7/28,,8.9,5000,1168.0910968399194,50000,4675.1254792987465,TRUE,73.8312278294201,14,5.862290120538043,24,TRUE,15384602384,wangwu119@company.com,河南南京XX园区,17.69,725,415.98,RMB5397,141,37.73,48-81528283622,2019/11/11,2003/11/15,2019,11,11,
EMP1188,褚十四,女,41.57668937234669,广州,市场部,P1,2022/3/3,,2.3,9846.154157509833,4607.1831976200865,537.292175027132,6014.034693475985,TRUE,64.61225979110118,11,6.85150270728006,29,TRUE,18392322121,zhaoliu479@outlook.com,湖北长沙XX大道,28.71,185,266.76,"￥8,075.52",59.2,2.02,11-51036704342,2016/5/15,1997/10/29,2016,,15,1679459855
EMP1225,郑十一,男,-10,成都,产品部,P1,NULL,,,18488.699675479416,4545.013643618825,969.8198517575557,9658.425013160968,TRUE,67.03227056544817,5,8.999005737648522,18,TRUE,13604111692,user956@gmail.com,河南徐汇XX街道,27.35,427,478.66,8961.06,,32.21,94-30951395781,2018/8/22,1996/8/23,2018,8,22,1693374669
EMP1249,蒋十六,男,32.65886987452493,西安,市场部,P1,2024/6/30,,0,13521.227369606177,3746.217476795752,395.51897661552573,14794.079337981264,FALSE,64.0102491131679,7,8.648756871414303,21,TRUE,17335154329,zhaoliu383@outlook.com,浙江广州XX小区,30.92,688,266.15,3186.54,314.5,21.15,43-29555946647,2022/1/27,1995/8/17,2022,1,27,1693374669
EMP1234,郑十一,男,42.91158648648522,武汉,技术部,P2,2023/12/4,,,12916.58733799645,-50000,560.0892119525553,6946.971298350185,TRUE,77.61276366973766,7,6.466879681798048,21,TRUE,17562446417,zhangsan807@company.com,山东南京XX巷,24.06,473,79.44,RMB1109,438.7,32.76,44-92814512603,12/08/2024,1974/9/4,2024,,8,1689666776
EMP1033,褚十四,女,35.576040924038224,武汉,销售部,,2016/4/4,2017/10/22,-1.8,7519.2662452511795,2128.748224755788,301.570442261356,4040.8854240866253,FALSE,88.4776036424138,,8.422822532376864,23,TRUE,13200140141,user470@gmail.com,四川徐汇XX大道,30.62,463,228.13,2286.84,367.6,11.99,36-56031793831,2021/6/21,1973/4/3,2021,6,21,1516284754
EMP1070,陈十三,男,35.91703943057327,西安,人事部,P1,N/A,2022/5/28,,11198.101563368487,1137.3615006031293,695.0269042486575,7349.076440705931,TRUE,72.75185491104855,5,7.644833848145287,15,TRUE,18766430218,wangwu415@qq.com,北京杭州XX街道,23.96,338,364.43,RMB4276,401.8,89.05,36-98852123602,2021/8/20,1965/6/1,2021,8,20,1693374669
EMP1090,钱七,女,29.946161389105683,上海,人事部,P3,2018/6/7,,6.1,10359.495019260976,1485.1387504236523,779.266121488304,11812.222733189468,TRUE,81.88153096464177,5,8.909133124311573,28,TRUE,18848621833,user373@163.com,河南郑州XX路,15.48,769,332.79,8181.15元,141.1,59.36,43-76595224817,2024/4/16,1970/2/16,2024,4,16,1610330716
EMP1152,钱七,男,25.588526909163008,广州,市场部,P1,2020/10/18,,100,5000,680.8379555833216,104.5550309522036,3317.5315197782575,TRUE,52.547504503634634,5,7.420192046090104,24,TRUE,15480990401,wangwu782@company.com,江苏成都XX街道,19.28,443,119.68,RMB8608,88.8,67.91,42-17928955072,2019年8月23日,2002/6/17,,,,1638025905
EMP1074,沈十七,男,50.43476558022124,北京,技术部,P3,2017/10/27,,6.7,12680.808197973462,3853.576257491421,815.9466155055782,11258.539762783445,FALSE,87.05761752470943,8,4.378823728703136,21,TRUE,15386480450,zhangsan892@company.com,湖南广州XX巷,24.54,201,231.74,￥79.44,375.3,78.92,21-68558805795,2021/11/17,,2021,11,17,1581089258
EMP1220,钱七,女,32.44916987937272,北京,产品部,P4,2023/5/23,,1.1,15455.786549079476,1951.2997792789142,107.37795811235287,6075.50533816417,TRUE,90.22198157555772,7,8.29008897023909,18,TRUE,18514548900,wangwu957@outlook.com,河南徐汇XX大道,17.51,640,127.94,"￥5,111.85",403.4,49.85,45-10189351213,,1972/12/1,,,,1437052090
EMP1229,王五,男,32.34861953631983,北京 ,产品部,P3,2023/9/25,,0.8,8468.138406212896,2752.671439079959,348.1494304342824,7456.338998854033,TRUE,78.18575945162974,1,8.703500450636303,25,TRUE,19138546365,user417@163.com,山东杭州XX巷,29.44,412,50.49,RMB4180,495.3,8.7,52-30491801037,2021/9/14,1990/8/23,2021,9,14,1450168077
EMP1240,蒋十六,female,27.594535302193204,广州,运营部,P4,2024/2/25,,0.3,13257.131020292145,6372.450499567883,848.0528867425837,8577.803059807196,TRUE,82.5386015695536,5,5.952487016036432,21,TRUE,19269625036,lisi626@163.com,,23.51,360,312.84,2228.63元,206.4,53.72,91-48567938530,2022/4/17,1997/2/23,2022,4,17,1652995070
EMP1237,王五,female,37.786490747729275,北京,运营部,P2,2024/1/14,,0.5,7825.542359457453,2198.08560451866,362.28146934697253,8776.129366073787,TRUE,87.41020915374216,2,7.840887734454393,20,TRUE,15634366139,zhaoliu872@163.com,浙江广州XX街道,31.01,481,132.2,1207.34元,186.1,58.69,30-73313104671,2021/6/13,1961/4/7,2021,6,13,1471238594
EMP1198,王五,男,22.221461359724287,上海,销售部,P3,2022/7/20,,1.9,8522.990579136334,2433.517764397867,670.443201315603,9158.081977030573,TRUE,70.93080214094039,11,7.948634602918289,21,TRUE,19139403247,wangwu962@outlook.com,江苏成都XX小区,28.32,146,137.17,"￥3,382.44",388.2,74.55,80-68865393468,2021/6/13,1996/1/11,2021,6,13,1724331520
EMP1038,韩十八,女,26.166385088431955,西安,技术部,P4,2016/6/13,,8,9018.706065171638,2413.163962294856,,5100.621357701508,TRUE,70.3826795651868,10,6.614127156600954,24,TRUE,19810678904,user302@outlook.com,四川武汉XX小区,32.12,795,338.95,9428.73元,170.5,43.17,81-22926432934,2016/5/23,1991/7/21,2016,5,23,1693374669
EMP1116,周九,女,28.37971841335752,杭州,财务部,P1,2019/6/4,,5.1,10375.030204521889,1269.598049175792,615.6383790111173,8031.061566451402,TRUE,66.60850268477266,9,8.906618312634203,28,FALSE,18518197538,zhaoliu384@qq.com,四川长沙XX大道,15.4,318,446.38,,465.4,12.77,19-83654627323,14-12-2020,1980/7/20,2020,12,14,1437705611
EMP1142,卫十五,女,33.49064981570136,上海,财务部,P2,2018/9/12,,0.7999999999999998,5000,2392.3737879825226,551.4276931616191,3554.309531778679,TRUE,62.84595365069168,11,8.445681303118683,18,TRUE,19459905654,zhaoliu833@gmail.com,湖南徐汇XX小区,24.23,125,321.92,"$5,192.20 ",429.2,28.38,14-60829198571,2015/9/8,2005/1/10,2015,9,8,1693374669
EMP1175,,女,33.97401837511799,西安,技术部,P3,2021/9/3,,2.8,16715.79359694667,8263.848184859204,135.5751754042319,12817.71762562203,TRUE,74.54478625748777,8,,29,FALSE,19508427798,wangwu43@outlook.com,浙江南京XX巷,29.67,577,186.33,7032.46,214.6,36.31,84-29552946402,2015/5/7,1963/3/16,2015,5,7,1633875146
EMP1212,郑十一,男,44.66660442963025,成都,,P2,2023/1/31,,1.4,12797.941197771652,5592.896006464525,205.20394416777685,7620.659167155331,TRUE,70.2695077498795,5,7.722604669558793,31,TRUE,15174958005,zhaoliu423@163.com,河南长沙XX路,20.83,615,188.55,"￥3,642.30",375.5,64.6,65-14842341634,2016/12/11,1979/12/26,2016,12,11,1724284152
EMP1217,孙八,男,30.404784129145366,上海,产品部,P2,2023/4/11,,1.2,8728.28796124957,,932.2448366332928,8196.568343429353,TRUE,87.78293968961958,5,7.217573596237664,23,TRUE,19505026213,wangwu496@outlook.com,湖南杭州XX路,21.22,652,321.33,9717.13元,377.3,57.08,49-37306582726,2021/4/11,1975/12/27,2021,4,11,1598137702
EMP1138,郑十一,女,22,武汉,市场部,P3,2020/4/6,2024/2/6,4.2,16326.886777580376,6187.443497652604,562.0685239889907,18960.82270368166,TRUE,73.32106163826775,11,9.876790585816131,20,TRUE,18525904456,,四川武汉XX路,26.66,177,456.72,RMB9624,51.7,35.62,97-57686135491,2016/12/12,1961/1/10,2016,12,12,1462147145
EMP1190,张三,男,22,广州,市场部,高级,2022/3/31,,2.3,16378.686545521106,5202.696345520603,153.1274349493052,15133.733873007317,FALSE,80.56196246193049,8,8.752870488900422,17,TRUE,17748232591,lisi598@163.com,河南徐汇XX街道,18.07,499,313.2,"$2,525.05 ",451.3,,81-44058579637,,,,,,1654701569
EMP1025,杨十九,男,30.324362039437595,上海,财务部,P3,2015/12/15,2018/1/17,8.5,9368.850442817691,2975.9539732162552,643.5530818249647,8365.906354833043,TRUE,59.94159964479834,5,8.537981074916189,27,在职,18360916298,user833@163.com,山东广州XX园区,24.54,549,355.41,RMB4977,252.7,60.58,30-34957074522,2020/4/22,1975/4/6,2021,1,19,1693374669
EMP1013,钱七,女,23.75091757197968,上海,财务部,初级,2015/7/1,2019/8/8,9,,,677.8205557165954,,FALSE,62.3881504311579,7,8.274528056029618,35,在职,18976198296,user664@163.com,湖北广州XX小区,31.01,353,201.97,"￥3,015.47",413.2,23.73,62-31581293114,2018/5/17,1985/2/8,2018,5,17,1661928892
EMP1216,沈十七,男 ,31.987844337070133,西安,产品部,P2,2023/3/28,2025/2/17,1.3,14081.951379096929,3115.298063324406,532.5159733477639,7131.672304651714,TRUE,78.3328582785735,16,8.144785576629063,25,TRUE,19620057604,user560@gmail.com,广东南京XX巷,20.84,249,155.74,2855.27元,160.1,10.19,52-45425608546,2016/9/25,2001/12/6,2016,9,25,1651888200
EMP1058,杨十九,女,30.44817994000653,上海,运营部,P2,2017/3/18,2021/1/26,7.3,16186.69930912375,7941.127740299971,507.0839783564868,8650.375746085852,FALSE,88.09403965275241,8,8.156892015094556,17,TRUE,17318610946,user691@qq.com,上海长沙XX园区,26.41,459,122,RMB378,447.8,15.29,30-62003874727,2017/1/22,1984/12/7,2017,1,22,1578622251
EMP1243,冯十二,M,22,广州,技术部,P2,2024/4/7,,0.2,10822.779960559195,4897.310883230275,458.5315447486423,8442.944708075414,TRUE,86.26647446537072,6,,26,TRUE,18618840705,wangwu242@company.com,四川朝阳XX路,25.42,121,340.03,RMB6099,194.7,24.6,14-78112139383,2024/1/24,1965/2/9,2024,1,24,1502838348
EMP1153,孙八,男,39.940063557217485,北京,技术部,资深,2020/10/31,,3.7,10659.602084803062,5107.4697446368655,263.6322861182017,7295.766506107405,TRUE,81.24984574576746,6,6.430453100043948,25,TRUE,19852890318,wangwu322@company.com,广东徐汇XX大道,29.56,640,320.24,"$5,031.26 ",5.5,16.08,38-74074263026,,1951/10/25,,,,1629218307
EMP1064,杨十九,男,31.67897118441685,武汉,人事部,P1,2017/6/10,,7.1,15727.738169265238,5717.987854152605,749.8000415645006,8231.875716910148,TRUE,86.64012775500447,11,6.028158704172097,11,TRUE,,wangwu336@gmail.com,广东徐汇XX小区,28.64,378,470.51,$524.22 ,452.7,18.66,54-41042286266,2022/2/23,1975/6/13,2022,2,23,1693374669
EMP1182,褚十四,女,33.10080905749709,武汉,产品部,P2,2021/12/9,,2.6,10033.048604837091,2523.1245298279796,100,8954.356791292832,TRUE,75.6064168993725,8,7.453972592873238,19,TRUE,18176428684,wangwu752@gmail.com,四川杭州XX小区,34.89,381,,2793.40元,45.7,28.52,13-38604624730,2022/10/27,1975/7/7,2022,10,27,1466908945
EMP1052,沈十七,男,32.86742198439851,北京,运营部,P3,2016/12/25,,7.5,17578.501552844704,2648.286518313484,,13021.903376216342,TRUE,88.23636868488921,5,7.370219364448562,22,TRUE,15474745382,,四川广州XX街道,31.4,565,487.52,"$9,082.67 ",159.7,17.35,61-45769612716,2019/8/6,1956/9/28,2019,8,6,1639108648
EMP1219,杨十九,女,25.642556723980007,上海,销售部,P2,2023/5/9,,1.1,9384.4803453916,4423.365621445073,485.11723531359274,11084.960365021121,N,82.48820091070812,10,8.056441236810205,19,TRUE,18146865930,wangwu707@163.com,上海武汉XX街道,19.3,533,415.33,RMB2403,475,89.68,18-58443472984,2022/11/28,,2022,11,28,1693374669
EMP1034,张三,男,49.112079268077544,武汉,财务部,P1,2016/4/18,,8.2,15257.699594466365,6161.1820654736575,,17642.252779229406,TRUE,0.001,7,9.753230746806917,23,TRUE,15536383774,user@company,浙江成都XX路,32,135,105.75,RMB1457,475.3,8.03,92-63727488267,2019/3/6,1997/5/14,2019,3,6,1626864635
EMP1078,吴十,女,41.65413811738249,北京,市场部,P2,2017/12/22,,6.5,5000,1251.9424438582782,257.5956466391175,5660.677285858804,TRUE,79.1912109791789,3,8.679285868771977,22,TRUE,,user779@163.com,江苏南京XX小区,19.02,776,136.26,"￥4,899.14",286.8,52.46,96-55252701991,2019/2/24,,2019,2,24,
EMP1120,陈十三,男,34.00336331333615,武汉,运营部,P2,2019/7/30,,4.9,16488.814270790863,2008.3987676030213,710.2984992517378,11505.541812782643,TRUE,68.43650864069518,7,8.004205798002342,25,TRUE,19336801619,,四川成都XX大道,23.8,425,404,RMB9856,316,41.05,13-48527577250,,1951/4/18,,,,1720440495
EMP1246,吴十,女,26.924322953180756,深圳,技术部 ,P1,2024/5/19,,0.1,11803.180335306526,4601.153099600323,50000,12524.942604222517,TRUE,76.4793671833875,7,10,26,TRUE,19836371599,zhangsan315@company.com,河南郑州XX小区,30.6,467,341,2427.89元,224.3,98.24,32-48584055930,2020/7/12,1987/5/7,2020,7,12,1511085739
EMP1069,卫十五,女,38.29053921079431,西安,产品部,P4,2017/8/19,,6.9,18227.52734618677,2651.347245870778,632.6856238642195,21287.78608511254,TRUE,93.52668444421106,9,10,23,TRUE,13479759538,user588@company.com,,18.32,328,441.74,6723.96,146.7,11.21,14-92069964028,2020/10/15,1978/10/21,2020,10,15,1564141400
EMP1028,吴十,女,43.0843409407472,深圳,产品部,P4,2016/1/25,,8.4,11443.798720851206,3191.916956019813,621.0337299440984,9868.455458092163,TRUE,75.91804232435042,5,8.766950916174192,22,TRUE,13165082363,zhangsan16@163.com,广东成都XX小区,15.54,759,345.01,"￥7,617.82",164.4,39.79,65-56327356259,,1970/6/30,,,,1693374669
EMP1135,赵六,女,36.17477948382358,上海,产品部,P1,2020/2/24,,4.3,8512.917247833691,1863.3553872039788,462.35750757888195,4440.1438236454815,TRUE,89.47651417489656,11,7.159248355713708,15,TRUE,13935147672,zhaoliu301@qq.com,四川广州XX小区,27.58,520,372.88,"￥2,383.76",336.3,96.95,65-25081447213,2018/4/2,1993/6/25,2018,4,,1613919063
EMP1131,周九,男,33.23890418018542,北京,,P1,2019/12/30,2020/7/10,4.5,,,509.9972070713358,,TRUE,61.525873394939744,8,7.35184328899043,30,,13800138000,,四川郑州XX街道,26.58,755,254.55,7284.15元,376.2,86.55,59-91172754729,2019/2/2,1957/7/18,2019,2,2,1525025752
EMP1142,赵六,男,29.66354790412779,成都,财务部,P1,2020/5/31,,4.1,11582.805954489093,4364.064748776197,818.5902396417781,5989.164275406618,TRUE,89.91434977719439,8,9.466049767423945,34,TRUE,17174041730,user821@gmail.com,上海徐汇XX路,16.16,271,390.49,3683.79元,395.8,81.71,34-15388992140,2015/4/18,,2015,4,18,
EMP1042,蒋十六,男,26.117259246561915,北京,市场部,P4,2016/8/7,,7.9,9658.93279644184,1757.8455334568555,573.8592952859999,6900.0274007268545,TRUE,76.07600413576769,7,7.5175084886721795,21,TRUE,15161073976,zhaoliu682@gmail.com,江苏杭州XX小区,23.54,233,142.32,"$6,326.10 ",394.8,25.8,65-78726740707,2020/3/17,1985/1/26,2020,3,,1596962961
EMP1023,赵六,男,27.19801370796405,北京,产品部,资深,2015/11/17,,8.6,9560.25482221336,1090.478039001572,424.8861079383058,7071.088154965651,TRUE,68.95627951397067,8,6.325474828268396,24,FALSE,15399012686,zhangsan806@qq.com,北京朝阳XX街道,26.02,665,321.24,"￥6,338.33",45.7,17.1,78-58090899706,2020/11/6,1969/10/27,2020,11,,1493122870
EMP1091,郑十一,男,22,北京,市场部,P2,2018/6/21,,6,13137.902517857889,5916.959314847793,510.32530056208395,8487.825205596955,TRUE,79.67298900545534,6,6.994479701156341,17,TRUE,18813962536,zhaoliu696@gmail.com,北京杭州XX路,30.94,665,489.91,"$5,361.85 ",247.3,66.87,65-93022576975,2022/9/20,1966/5/16,2022,9,20,1677207997
EMP1214,郑十一,男,22,杭州,销售部,P2,2023/2/28,,1.3,12315.611324578254,6066.283058439195,637.9158428730886,6634.822184064526,TRUE,78.36967520549108,12,8.868767292883241,23,TRUE,13403696046,lisi213@outlook.com,山东杭州XX路,30.6,684,349.46,RMB912,28.9,,50-52520377395,2018/4/11,1995/6/22,2018,4,11,1576511635
EMP1087,冯十二,男,27.873028312053194,北京,产品部,P2,2018/4/26,,6.2,-5000,-2103.6518,50000,-5335.490318,FALSE,76.1194008259965,11,5.984113104194126,27,TRUE,15491079829,user981@163.com,广东徐汇XX巷,31.62,464,339.06,"￥8,353.84",274.8,55.68,74-54703707157,2018/2/24,1954/8/10,2018,2,24,1550192153
EMP1202,冯十二,女,22,深圳,财务部,P5,2022/9/14,,1.8,7414.398773128863,1928.7219913895126,541.6956399597226,4322.025011205127,TRUE,59.21276040322014,9,9.320330216174288,28,TRUE,17768548027,wangwu327@outlook.com,江苏青岛XX大道,,605,236.63,"￥3,214.27",220.8,57.17,61-51649192998,2023/12/4,2003/7/8,2023,12,4,1616007827
EMP1100,沈十七,女,22,广州,财务部,资深,2018/10/24,,5.7,11500.08107874314,1381.4952314218297,191.73762438457732,7128.801215877808,TRUE,72.34246337026532,13,6.623232219501186,21,TRUE,19925159146,zhaoliu232@163.com,河南长沙XX园区,21.13,274,,1873.13,,28.01,80-36316500726,NULL,,,,,1712973987
EMP1191,蒋十六,女,28.35019235726873,武汉,财务部,P1,2022/4/14,,2.2,5165.383011429501,2046.5444214241088,1053.7384096518108,5084.310959919423,FALSE,60.75903638406821,6,7.875296586225393,23,TRUE,19730418447,zhaoliu904@outlook.com,河南郑州XX小区,29.88,758,236.92,￥417.30,175.5,76.95,63-92351820356,2017/2/25,,2017,2,25,
EMP1094,李四,男,39.99025022580575,成都,市场部,P1,2018/8/2,,5.9,19435.91077777368,5926.091323565782,,17932.12716396167,TRUE,89.08038209483047,13,7.677954447249237,24,TRUE,19751397897,user342@163.com,河南武汉XX园区,27.77,623,281.59,RMB5912,58.6,18.71,82-62832177434,2017/2/23,1973/6/19,2017,2,23,1457170877
EMP1207,张三,女,37.796462534606654,杭州,销售部,P2,2022/11/23,,1.6,15916.741742358932,2963.4611543021433,903.145245246239,11253.56591293513,TRUE,92.19770553898898,11,8.372740674159378,20,TRUE,13341270488,zhangsan486@outlook.com,河南徐汇XX园区,,342,220.99,"$6,778.19 ",71.6,32.37,80-13580822352,2015/3/18,1957/1/20,2015,3,18,1688102973
EMP1031,王五,男,26.544930803349978,深圳,运营部,P4,2016/3/7,,8.3,10635.301677319956,2162.0581918091493,762.1521054726708,,TRUE,76.32341017370896,7,6.525811188342911,19,TRUE,13575808013,wangwu608@outlook.com,四川成都XX路,,138,240.78,$175.70 ,380.8,42.55,48-37002088812,2018/2/19,1972/8/17,2018,2,19,1502796616
EMP1093,蒋十六,女,40.458434723014946,武汉,技术部,P3,2018/7/19,2022/1/21,5.9,13782.25832510996,2305.0446525981547,390.1857824092373,7650.380042355944,TRUE,61.62751814035335,9,8.93776089709694,21,TRUE,13426283245,wangwu742@gmail.com,湖南郑州XX大道,21.63,179,466.77,5125.3,309.1,50.77,65-90684219803,2016/12/9,1973/1/14,2016,12,9,1677328768
EMP1045,周九,F,-5,深圳,财务部,P1,2016/9/18,,7.8,11731.081751396054,5173.607160573969,336.28026012183966,13100.9624445608,TRUE,84.63702435937672,9,6.690165069156609,21,TRUE,15721609600,user338@outlook.com,湖南郑州XX街道,16.96,607,254.57,RMB2272,50.7,24.25,87-55761612202,2015/11/30,2003/1/8,2016,6,2,1644615075
EMP1233,陈十三,男,34.7416943093069,成都,技术部,P1,2023/11/20,,0.6,5000,1637.6254728677459,320.3267024144873,2656.689360409704,TRUE,65.650565713293,7,8.428594083372861,18,TRUE,13448294647,zhangsan428@163.com,湖南郑州XX街道,27.34,762,187.82,"$6,454.63 ",42.1,11.49,69-72026998628,2016/6/13,1982/7/25,2016,6,13,1708290807
EMP1108,王五,男,41.80279856356698,上海,人事部,P1,2019/2/13,,5.4,12315.110911465334,1993.9939658168562,,8288.614606990168,TRUE,80.73913128979011,6,6.09334409623394,21,TRUE,18991816852,zhaoliu788@company.com,四川徐汇XX路,27.02,800,330.95,1751.75元,350.5,61.07,96-79637317274,2018/11/3,1954/4/18,2018,11,3,1553309586
EMP1105,张三,女,35.53728550054645,武汉, 市场部,,2019/1/2,,5.5,8913.155119277839,3470.1775927168187,786.3848347881503,8749.887165413315,TRUE,78.84380881645666,12,9.508501870526414,24,FALSE,13590122159,lisi626@company.com,河南广州XX园区,33.81,447,165.66,RMB6912,36.5,28.87,70-34635766833,2020/1/22,1952/7/8,2020,1,22,1443823204
EMP1149,褚十四,男,29.735934927187774,上海, 销售部,P4,2020/9/6,,,12174.342393558303,3177.6317090230928,107.14514003705091,6093.280295118346,TRUE,65.91394436375194,14,8.604982833651777,21,TRUE,13399496923,zhaoliu130@qq.com,江苏广州XX园区,27.14,374,54.32,RMB3873,410.9,58.13,94-49018899720,2016/1/10,1952/11/7,2018,5,3,1598066223
EMP1029,周九,男,24.175548118341208,成都,运营部,P3,2016/2/8,,8.4,16820.382613800117,8178.190583455431,381.6946643364952,15214.270836407613,TRUE,82.62962360705782,12,-5,,TRUE,13366992705,user17@gmail.com,浙江郑州XX小区,27.93,451,80.95,9367,353.2,15.44,75-98750576438,2018/7/15,1977/2/5,2018,7,15,1693374669
EMP1109,沈十七,女,35.87957292762228,深圳,财务部,P1,2019/2/27,,5.3,16215.683645625813,3575.0755807765117,366.71332561784857,16602.63322787351,FALSE,51.11474700203139,5,8.479026460257751,19,TRUE,15898493949,user990@company.com,上海朝阳XX街道,29.03,,469.39,"$1,383.70 ",40.8,48.12,89-20029557211,30/01/2019,,2019,1,30,1728868755
EMP1163,陈十三,男,29.5619458249298,北京,产品部,P1,2021/3/20,,3.3,13058.338144116444,5501.0626657249295,634.3659275467257,6720.299509809672,TRUE,58.901284270774134,16,9.799131900820239,16,TRUE,19916267011,user479@gmail.com,广东徐汇XX巷,18.41,154,279.86,RMB3417,42.5,53.26,40-51544341056,2021/12/13,1994/1/8,2021,12,13,1688727122
EMP1122,卫十五,男,22,杭州市,技术部,P2,2019/8/27,,4.8,9506.597278838954,2897.3774852332376,363.9661196599548,5438.365916771768,TRUE,76.04465486375435,6,8.876299704479539,18,FALSE,18877583839,zhangsan244@gmail.com,北京成都XX大道,24.65,164,182.36,"$1,143.49 ",493.3,5.19,38-39233965046,2018/12/9,2003/2/19,2020,11,16,1578650566
EMP1227,,男,22,西安,市场部,P2,2023/8/28,,0.8,14702.039990719142,2616.6265531922395,428.78267513597825,16531.738944490837,TRUE,71.66040141308625,10,8.318382644537863,28,TRUE,17824085842,user654@163.com,河南武汉XX街道,17.04,636,110.33,9246.76元,187.2,33.67,28-14399873551,2016/3/18,1968/8/4,2016,3,18,1496102880
EMP1104,赵六,女,22.591687600697092,西安,运营部,初级,2018/12/19,,5.5,13613.747451485164,5409.302180196666,100.3518769910923,3620.422845568511,Y,73.87858587175216,12,7.812783608692094,25,TRUE,19598806645,user739@163.com,山东武汉XX巷,16.61,551,305.42,8773.74,185.4,13.45,41-78650482468,2018/5/14,1977/3/22,2018,5,14,1699812992
EMP1142,赵六,男,26.70573602759998,成都,财务部,P1,2017/4/15,,7.2,15748.267500408125,7390.8888453667705,483.35662595320156,13983.310008367847,TRUE,74.16882462866006,9,8.338408384107273,19,TRUE,13199104722,user354@qq.com,四川武汉XX巷,24.42,775,161.26,2586.58元,406.4,6.35,88-70442337008,07-09-2019,1976/4/24,,7,9,1662947338
EMP1146,吴十,女,24.205365373004053,西安,市场部,P2,2020/7/26,,3.9,6441.603346265739,1183.4670220215294,689.6835868442272,5154.707572202653,TRUE,79.46966276212952,11,6.30175385630611,20,TRUE,17761330848,zhangsan630@gmail.com,湖南青岛XX街道,27.02,251,84.45,6602.58,473.6,99,63-99705274973,2020/3/26,1997/2/4,2021,9,1,1481827532
EMP1083,王五,男,24.510732696436477,深圳,人事部,P1,2018/3/2,,6.3,-5000,-704.6643591,811.9875404745642,-4398.352961,yes,98.55721329698251,8,8.55922187601606,23,TRUE,17882269302,zhaoliu39@company.com,浙江南京XX巷,23.27,372,72.39,RMB8173,493,32.24,83-64530426279,2022/6/21,1985/5/3,2022,6,21,
EMP1231,吴十,男,33.29367211742817,,产品部,P1,2023/10/23,,0.7,14157.121803522705,5456.762741985473,459.81949889152554,10914.22081587333,TRUE,78.86718666755961,14,7.190222906922636,15,FALSE,13916440738,wangwu662@gmail.com,广东广州XX园区,,556,,5555.9,376.7,80.99,73-41781267043,2019/8/19,1978/11/20,2019,8,19,1550991366
EMP1125,,女,33.323778516227584,广州,财务部,P2,2019/10/7,2021/8/6,4.7,15787.713873428225,2657.4745556717257,0.5,15726.709241468947,TRUE,62.82126546412961,11,,15,TRUE,18245706210,zhangsan589@outlook.com,江苏广州XX路,30.41,519,293.82,"￥5,300.68",188.2,25.47,28-41890760083,2015/9/5,2005/12/17,2015,9,5,1648946918
EMP1166,吴十,女,200,杭州,人事部,P2,2021/5/1,,3.2,8789.354439065142,2191.5487492081675,271.52550181981155,5030.819541204851,TRUE,83.3544879508525,5,9.750119244112133,17,TRUE,,zhangsan996@163.com,北京长沙XX路,22.47,637,142.36,"$2,425.86 ",41.8,68.15,32-81708395052,2015/6/10,1956/12/25,2015,6,10,1519068392
EMP1196,卫十五,男,,杭州,运营部,P1,2022/6/22,,2,7770.40856902441,3015.264567540893,364.5594239840599,4250.945323829411,TRUE,84.21212298974504,5,9.31666559560619,23,TRUE,13272684373,user846@gmail.com,广东朝阳XX街道,31.19,242,83.65,$940.00 ,388.6,76.03,69-83230130340,14-10-2024,1970/11/9,2024,,14,1525979348
EMP1195,张三,女,33.84482718404718,武汉,人事部,P1,2022/6/8,,2.1,14081.518903540475,5899.708932114554,628.8384422077683,11373.01543480796,FALSE,81.73433172760792,8,6.984519605364191,26,TRUE,13604669821,user76@gmail.com,河南成都XX大道,31.43,604,490.42,"￥8,972.29",279.2,59.57,41-70650773366,2019/8/2,1961/5/4,2019,8,2,1693374669
EMP1189,沈十七,男,23.818812800548116,西安,产品部,P4,2022/3/17,,,15971.719077182112,2203.1337754529177,452.4358764787803,13080.24018401785,TRUE,75.76140767382475,6,9.037607516712281,23,TRUE,13742136977,zhangsan968@qq.com,上海郑州XX街道,20.62,222,390.27,9004.28元,212.2,47.16,27-73571600239,2023/10/30,1952/11/18,2023,10,30,1453630256
EMP1248,吴十,女,-5,西安,产品部,P1,2024/6/16,,0,12603.487485101881,5207.375938144606,332.55162127892885,10630.153187248765,TRUE,84.5001910611817,6,7.617821841355424,18,TRUE,17932945529,user225@163.com,河南朝阳XX园区,33.37,505,263.5,"￥6,334.05",453.2,41.19,95-94004944472,2024/12/16,1991/11/4,2024,12,16,1616425239
EMP1000,张三,男,36.19117311195198,广州,技术部,资深,2015/1/1,,9.5,8998.555885832757,2828.026443812395,626.5915665219978,7740.555805796182,TRUE,83.76690146784124,4,8.196360516402553,18,TRUE,13217734861,lisi926@qq.com,湖南南京XX路,23.57,302,163.99,RMB3397,55.7,34.89,50-73958187345,2022/12/30,2003/11/11,2022,12,30,1682831309
EMP1205,褚十四,男,44.45058588576774,西安,技术部,P4,2022/10/26,,1.7,16972.937321917856,6201.845748818683,370.80080297458915,16779.332627778473,TRUE,71.4173985727677,4,8.399186085772529,17,TRUE,13776481264,@company.com,湖北武汉XX小区,32.96,313,58.64,RMB3498,246.4,92.95,88-82550674734,2017/9/26,1993/5/20,2017,9,26,1630787058
EMP1206,李四,女,36.59862978626995,西安,产品部,P4,2022/11/9,,1.6,14828.74474020038,6443.334638197388,572.9924361304527,15617.366045876843,TRUE,81.30067810800516,6,9.03453247422755,21,TRUE,15433665422,user816@gmail.com,,24.21,332,182.89,"$7,261.57 ",5.8,83.06,64-72482634267,2021/10/24,2001/1/11,2021,,24,1512666601
EMP1088,孙八,女,30.359655622705557,杭州,产品部,高级,2018/5/10,,6.1,14597.72186481225,4182.974832638023,319.39588347108327,8193.733311440037,TRUE,84.28169859068956,7,8.149960628950021,30,TRUE,17769108025,wangwu517@qq.com,,31.12,557,330.96,RMB8971,234.4,96.5,30-72168253320,2020/5/8,1959/9/19,2020,5,8,1465542467
EMP1077,韩十八,女,35.30864139253699,,人事部,P3,2017/12/8,,6.6,21112.9722823291,4515.429176530775,297.0062335364581,21614.7677639868,TRUE,85.16278561620928,10,7.096513525486472,21,TRUE,15339362341,lisi106@163.com,四川长沙XX街道,29.98,210,485.11,"$8,871.11 ",28.2,12.44,43-43293627790,10/03/2023,,2023,10,3,1482828067
EMP1012,钱七,男,22,广州,运营部,P5,2015/6/17,,9,7973.638334360917,1557.5297211033112,365.8226528218389,6649.171882328216,TRUE,81.68385491334676,11,100,20,TRUE,15709194872,,北京青岛XX路,22.48,203,340.28,"￥7,800.18",59.5,73.09,91-82059564729,2022/11/10,1954/7/30,2022,11,10,1644582009
EMP1161,韩十八,女,22.814722657305524,成都,产品部,P1,2021/2/20,,3.4,12435.214838821634,2987.982107785826,50000,13656.328871650287,TRUE,95.0633061953865,10,8.52817743283971,23,TRUE,15438817025,lisi521@gmail.com,,21.89,178,481.99,"￥6,423.25",58.9,93.83,72-42756635113,2023/6/25,1974/8/24,2023,6,25,1681320682
EMP1123,朱二十,F,29.629160620546873,西安,技术部,P1,2019/9/10,,4.8,13353.536107244567,4150.319748181537,502.65292861679467,13397.816089837326,TRUE,83.08909437630692,,7.554464804571099,21,FALSE,15768143326,user@company,上海广州XX大道,18.27,581,187.28,￥850.47,324.6,,45-20479173015,2024/5/5,1991/3/6,2024,5,5,1513046325
EMP1041,钱七,男,29.48907358865757,成都,销售部,中级,2016/7/25,,7.9,9126.077920960433,2970.4912779868805,219.34268066937761,6554.279120596126,TRUE,86.020333565868,7,,25,FALSE,19611947770,wangwu409@company.com,湖南广州XX小区,27.88,723,470.63,"$1,624.51 ",373,6.66,46-45366880628,2023/3/31,1975/3/31,2023,3,31,1588930458
EMP1113,李四,男,33.64484512371373,北京,人事部,P2,2019/4/23,2021/9/16,5.2,13444.798975005593,3974.0186633436538,731.9227176850562,8571.17928299204,TRUE,82.72752141799228,7,7.357960298370116,19,TRUE,19186519602,user851@163.com,山东杭州XX小区,16.29,748,136.12,"￥8,985.66",291.7,74.11,52-20909870727,2020/13/45,1989/1/20,,,,1425186670
EMP1095,杨十九,女,28.084690433039285,武汉,产品部,P2,2018/8/16,,-4.1,15928.715947066752,,,9792.21324597754,FALSE,,7,8.427955539321923,20,TRUE,18825449223,wangwu991@gmail.com,上海青岛XX巷,17.56,767,199.18,"￥6,067.62",481.1,57.45,27-40712583830,2016/8/2,1971/5/25,2016,8,2,1721538682
EMP1011,王五,女,27.946682646822953,杭州,销售部,P2,2015/6/3,,9.1,5000,1645.5450194742182,632.2738926372294,4842.848982844542,TRUE,-5,12,9.212082824712335,28,FALSE,17992994062,zhangsan483@163.com,四川杭州XX大道,27.28,711,264.01,101.87元,187.5,84.18,59-30160360945,2016/12/30,,2016,12,30,1643181488
EMP1114,卫十五,男,23.485719170434308,杭州, 产品部,P1,2019/5/7,2022/8/12,5.1,13702.377013851186,3603.22025687962,614.9034681234364,12738.992503769314,TRUE,64.09683226169032,3,8.7968635439667,25,TRUE,15858511779,lisi906@company.com,四川杭州XX大道,27.36,250,314.28,"￥1,023.60",142.9,,37-66110435665,2019/12/19,1962/8/30,2019,12,19,1723587232
ID-NULL,韩十八,女,35.722214181879615,杭州,市场部,P3,2017/11/10,,-3.4,15821.295208497022,3481.1094812495085,415.63776411375636,18219.53467797589,FALSE,67.61101458712506,8,7.138805268833455,27,FALSE,18141580226,wangwu79@163.com,湖北成都XX街道,17.79,407,461.79,RMB6638,434.3,79.53,62-84435568770,2023/1/13,1988/3/22,2023,1,13,
EMP1172,赵六,男,40.407103328203235,上海,运营部,P1,2021/7/23,,,13243.432763179246,1884.8319693954265,250.06671041005401,15020.182000097135,FALSE,100,9,7.303069839577257,24,TRUE,13262915636,user129@gmail.com,山东杭州XX小区,34.67,507,413.62,$60.56 ,111.9,20.17,69-16080704047,2023/8/25,1997/11/28,2023,8,25,1708668029
EMP1001,李四,女,25.55833029156536,北京,运营部,P5,2015/1/14,2017/5/21,9.5,7014.943944262278,1807.5840836179786,1011.5461838537988,,TRUE,91.35286330699388,9,7.963950611902206,25,TRUE,18740389325,user@company,河南长沙XX巷,28.3,350,337.11,1616.31元,481.6,16.37,36-69411815182,2022/1/22,1969/6/8,2022,1,22,1685960926
EMP1181,卫十五,女,39.72849426497435,西安,产品部,P1,2021/11/25,,2.6,13340.08518320841,2265.1383874767034,454.35988409955786,9807.127803736528,TRUE,74.39942777425662,9,7.378441538606619,26,TRUE,13348545713,zhaoliu476@company.com,湖北青岛XX园区,24.14,791,372.23,5491.3,6.2,16.43,59-12987248494,2015/1/16,1963/8/16,2015,1,16,1711619509
EMP1096,蒋十六,男,40.884208595208655,武汉,产品部,P3,2018/8/30,,5.8,18873.628290593846,6606.461074257664,288.9553019751927,19159.8939035087,FALSE,83.30570024962525,7,9.712410683238874,29,TRUE,15807435606,lisi726@outlook.com,山东徐汇XX大道,33.17,715,183.35,"$6,921.34 ",484.9,81.46,83-76058233524,2023/5/1,1980/10/5,2022,7,5,1442381079
N/A,钱七,男,28.928778559661946,深圳,市场部,P1,2023/12/18,,0.5,11821.017660976067,3225.323232829656,664.8460051372138,9693.959036308726,TRUE,,11,9.892845044105643,26,TRUE,19832077572,wangwu10@qq.com,广东郑州XX园区,22.53,381,,RMB6522,21.7,66.52,10-61293684848,2020/8/27,1955/12/23,2020,8,27,1648294786
EMP1005,韩十八,男,30.91104013834715,杭州,运营部,P3,2015/3/11,2017/6/15,9.3,13084.428139588132,3874.626227,396.3327980251828,7892.75088239061,TRUE,84.38620219936767,8,9.187759215113013,25,TRUE,13415143362,lisi936@gmail.com,广东广州XX大道,28.65,658,228.94,"$2,250.23 ",445.6,52.31,48-64775758589,2020/6/22,1971/10/1,2020,6,22,1579872865
EMP1187,杨十九,女,30.014207144252932,上海,人事部,P1,2022/2/17,,2.4,9626.700441480263,4405.074374926328,491.4303888809222,10720.219905302063,TRUE,72.56433159753416,-1,9.075679208605258,26,TRUE,17571537429,wangwu739@outlook.com,河南徐汇XX巷,33.76,736,496.57,RMB7124,263.9,35.89,63-86169673298,2021/7/7,1987/6/6,2021,7,,1693374669
EMP1178,沈十七,女,30.24868516754986,武汉,人事部,初级,2021/10/15,,2.7,12801.806017361268,1000000,731.7220733483402,10448.159376036274,TRUE,81.76884703298933,4,7.785679604679735,21,TRUE,15384161612,zhangsan911@company.com,浙江朝阳XX路,27.41,681,378.84,RMB2380,496.5,87.72,87-43920841446,2023/1/17,1960/9/19,2023,1,17,1483062742
EMP1154,李四,男,22.243182693309542,武汉,市场部,P3,2020/11/14,,3.6,16499.34824046281,3356.345357206909,674.182409689882,8686.479442663123,TRUE,83.0077129412021,12,8.710061272138384,19,FALSE,19305145276,zhangsan754@qq.com,浙江杭州XX街道,23.91,224,96.73,3260.42,37,39.25,72-45302147135,08/03/2017,1993/5/25,2017,8,3,1608285098
EMP1022,卫十五,男,22,深圳,财务部,P2,2015/11/3,2019/3/27,8.7,13048.85892894742,2907.74374966142,502.64827470552103,14480.022804076878,TRUE,95.85900046566479,7,-5,15,TRUE,13133729406,zhaoliu679@qq.com,湖北郑州XX园区,28.48,753,409.32,"$7,466.70 ",277,81.66,65-12085816511,2020/8/24,1965/4/5,2020,8,24,1494792801
EMP1019,蒋十六,男,28.539519635002982,杭州,人事部,P1,2015/9/22,,8.8,7558.29700299023,1678.2433196995373,513.2306749086503,5246.960062232039,TRUE,,13,9.614022387525896,17,FALSE,13463016614,wangwu707@qq.com,上海南京XX街道,31.25,759,484.42,6499.18,484.7,43.92,59-85687017337,12-13-2023,1959/6/14,2023,12,13,1726097935
EMP1099,沈十七,,36.01580921001788,西安,技术部,P2,2018年10月10日,,,10704.269996191128,3383.479591700211,100,9843.661454174362,TRUE,92.38525775392854,9,7.943275544924683,19,TRUE,15126226563,zhangsan317@gmail.com,广东南京XX路,27.85,565,85.11,8492.89,261.6,37.7,13-65434837371,2021/12/22,1974/7/24,2021,12,22,1593801808
EMP1169,孙八,女,39.545312176173276,西安,技术部,P3,2021/6/11,,3.1,14117.224847162292,5405.363016473784,362.0429092834487,12157.219206858204,TRUE,70.03379120187675,8,5.007835383817117,29,TRUE,18614015466,user852@qq.com,浙江广州XX街道,22.81,496,302.97,"$6,578.90 ",314.7,46.27,85-18706337023,2019/7/5,2004/9/9,2019,7,5,1696216043
,卫十五,female,32.153606657507325,杭州,人事部,P2,2015/10/20,,100,18117.216777947542,5150.165209841064,604.7614726175508,17844.749038693735,TRUE,60.82817514192925,5,6.628165611979953,20,TRUE,13176228245,wangwu408@qq.com,河南朝阳XX街道,16.64,313,125.91,"￥5,686.83",347.9,30.14,92-29020747010,2020/8/3,1955/11/13,2020,8,3,1641015637
EMP1160,孙八,女,25.717559057829533,成都,技术部,P2,2021/2/6,,3.4,10712.062534162995,2789.2939389480553,589.8935556894455,10750.861382236835,TRUE,90.53550166497368,7,8.476361949590052,24,TRUE,18390894296,wangwu729@163.com,广东武汉XX街道,28,460,232.42,￥945.72,,74.76,69-15075487521,2020/5/21,1998/10/15,2020,5,21,1488164164
EMP1073,陈十三,male,28.55059090229944,上海,人事部,P4,2017/10/13,2019/5/12,6.7,5000,2073.4460294670816,568.5592843854317,5949.334466393263,TRUE,49.85285300508187,9,10,25,,18961393416,zhaoliu250@qq.com,湖南徐汇XX路,31.45,436,444.77,3683.11,313.8,50.28,43-54577911667,,2002/5/5,,,,1592965954
EMP1017,王五,女,34.36776741270425,广州,市场部,P3,2015/8/25,,8.8,12183.48577953826,2382.335224069378,757.4785297316616,10359.019167660537,N,59.25109402712271,11,9.783675251994051,22,TRUE,17528414718,user602@company.com,浙江青岛XX小区,33.68,634,381.35,2659.11元,292.2,23.23,37-54902591705,2016/3/1,1958/7/13,2016,3,1,1682817755
EMP1226,李四,男,36.05593288029279,,财务部,P3,2023/8/14,,0.9,7053.918654613312,3085.8933961564617,629.8551153062424,8169.325779728156,TRUE,97.35247403043127,6,8.196819147968734,19,TRUE,19843785903,zhangsan759@outlook.com,北京长沙XX大道,26.82,447,485.84,2447.21,450.6,89.96,53-45988073060,2018/11/14,1980/8/15,2018,11,14,1621460710
EMP1062,杨十九,女,40.41734423357106,武汉,运营部,P3,2017/5/13,,7.1,10137.219039524654,2107.4972882820175,272.3838078086975,8881.880912330582,FALSE,80.19154681546344,10,6.390726297243434,23,FALSE,17273497327,user@company,山东郑州XX大道,32.44,446,425.07,9729.4,22.8,38.4,63-74776294029,2016/9/16,1958/9/25,2016,9,16,1470021483
EMP1027,李四,女,38.719696721036215,杭州,人事部,P2,2016/1/12,,8.5,14733.041558013303,3574.583117233127,267.7762287686328,12809.91518744605,TRUE,77.76606262747282,4,8.462963330149638,24,TRUE,18541417711,lisi257@outlook.com,河南朝阳XX街道,25.86,381,173.03,3936.65,140.6,54.36,12-86231478728,2015年10月13日,1993/7/16,,,,1618185177
EMP1047,李四,男,33.78497725472219,深圳,产品部,P3,2016/10/16,2020/10/9,7.7,8428.681610727683,3790.8772051993637,50000,7712.996552557949,TRUE,78.36168879863462,8,8.74929816671903,26,TRUE,17319321646,zhangsan520@outlook.com,上海武汉XX路,33.83,629,96.42,"￥8,920.65",475.2,90.65,16-41567839299,2021/5/18,1958/10/13,2021,5,18,1470046647
EMP1079,,,31.41633898893074,杭州,技术部,P4,2018/1/5,,6.5,11668.557309856338,4696.874815240661,564.9913402116762,6975.514865139852,TRUE,73.5945454191988,14,7.927904968523974,11,TRUE,13930353157,zhaoliu773@company.com,河南郑州XX园区,33.4,596,117.67,"￥6,314.44",445.1,62.43,93-36831877473,2018/1/23,1953/10/9,2018,1,23,1612360963
EMP1039,沈十七,男,29.46887993597085,北京,财务部,P3,2016/6/27,,8,9281.06708959848,3808.4489980089543,,9630.615881137388,FALSE,83.60680373481806,3,6.460313612323534,32,TRUE,17333754555,zhangsan874@qq.com,浙江徐汇XX巷,21.9,531,463.52,"￥7,949.37",227.9,11.7,12-29848485517,2019/2/5,1970/9/12,2019,2,5,1650704483
EMP1245,吴十,,45.039225446500836,西安,产品部,P1,2024/5/5,,0.2,9028.900621885163,1203.5801104085383,348.7054204095325,7697.129221504091,TRUE,77.63469650317856,9,7.509351957915092,16,TRUE,13991246046,@company.com,上海徐汇XX园区,31.67,508,429.25,5030.84,310.1,93.98,40-74966624404,2019/4/28,1998/4/9,2019,4,28,1572294475
EMP1020,张三,男,23.245127559082416,西安,运营部,P2,2015/10/6,2017/3/18,8.7,15039.690972189885,,570.3532275628652,14287.126419604418,TRUE,59.629113628521374,8,9.357749355614427,18,TRUE,,lisi102@gmail.com,广东徐汇XX巷,32.21,203,94.42,5772.69元,138.8,,95-87800710257,2022/11/30,1985/4/24,2022,11,30,1680605403
EMP1200,孙八,男,40.43272107995593,深圳,运营部,,2022/8/17,,1.9,13532.328628179275,3179.9729776399336,658.002933657009,14648.931371215758,TRUE,86.28639379424877,8,7.506141262036702,20,TRUE,19985758835,user@,湖南成都XX大道,27.94,165,81.65,"￥4,929.76",94.1,,37-33059229191,2022/7/7,1967/1/20,2022,7,7,1444707022
EMP1204,冯十二,男,30,广州,技术部,资深,2022/3/15,,9.5,18000,2828.026443812395,626.5915665219978,7740.555805796182,TRUE,90,4,8.196360516402553,18,TRUE,13217734861,lisi926@qq.com,山东长沙XX路,28.28,438,166.67,"$1,960.28 ",231.9,13.94,87-34993708224,2022/3/21,1968/9/4,2022,3,,1486740924
EMP1140,朱二十,女,34.23412203064393,北京,市场部,P1,2020/5/3,,4.2,10508.237918279454,4340.9349016430015,633.2252936194466,7769.309266804464,TRUE,76.84458531034839,7,6.598295657470582,12,TRUE,17834717549,zhaoliu917@company.com,湖南成都XX街道,18.44,397,482.45,"$7,226.57 ",176.7,79.4,49-87773691925,2021/7/18,1986/4/21,2021,7,18,1649714601
EMP1192,孙八,男,39.99889941364628,北京,财务部,P1,2022/4/28,,2.2,14988.29137538621,6036.845179384827,667.165847565645,11513.234419005608,TRUE,74.57571406605427,13,7.150432463592317,17,TRUE,17718740490,wangwu9@outlook.com,四川成都XX路,21.9,594,491.63,"$2,814.64 ",291.9,62.01,13-52644245686,2021/2/8,1990/4/10,2021,2,8,1582104410
EMP1130,杨十九,男,39.09419075218771,深圳,运营部,P3,2019/12/16,,4.5,15053.336603735506,2205.8059188659076,286.6634593388274,11120.404201262903,TRUE,73.66796592810356,6,6.9936470256041465,24,,13938842599,wangwu766@gmail.com,湖南青岛XX大道,16.51,276,481.27,RMB253,39,53.35,83-65654928546,2021/9/25,1994/10/29,2021,9,25,1613548873
EMP1215,陈十三,女,32.83689847218939,北京,运营部,P4,2023/3/14,,1.3,10154.511141012841,1410.9763463423315,584.600981578095,6485.600148163677,TRUE,79.21758610309429,,9.078683851842932,32,FALSE,19808605988,zhaoliu386@outlook.com,江苏徐汇XX街道,31.35,650,375.88,6457.62,,89.39,60-19441754505,2015/11/1,1972/12/22,2015,11,1,1508907203
EMP1107,杨十九,女,45.54724235618883,上海,销售部,P1,2019/1/30,,5.4,,,427.7507314144775,,TRUE,67.16766026105816,4,8.744148861148323,22,TRUE,18757830420,zhaoliu377@163.com,湖北武汉XX路,24.74,575,183.2,"$1,779.16 ",493.1,78.86,85-42758756650,2019/11/14,1951/12/7,2019,11,14,1545746616
EMP1230,张三,男,38.55346306705965,上海,运营部,P4,,,,17867.493160618746,7234.10137340959,563.8320355017818,17110.70737719723,TRUE,69.33029250171981,5,7.001689011279875,23,TRUE,17344261532,zhaoliu667@company.com,四川广州XX大道,18.01,743,259.31,9404.24,,15.18,23-94543248820,2018/9/22,2002/6/20,2018,9,22,1693374669
ID-NULL,钱七,男,23.95439872848889,成都,销售部,P5,2017/4/1,,7.2,15040.85398532047,3767.7900517614403,431.17545268743373,7847.412349039717,TRUE,81.56487888774775,9,7.350733512886304,21,1,19624557080,zhaoliu622@company.com,北京成都XX园区,23.48,,469.26,"$9,538.79 ",268.1,31.18,25-57421030846,2017/4/29,2002/3/11,2017,4,29,
EMP1221,褚十四,男,29.47925833153269,武汉,财务部,P3,2023/6/6,,1.1,11953.105987163226,3822.181742406816,732.1319777601944,8870.160881591408,TRUE,94.06573858074688,10,6.838561487737896,28,TRUE,15631855083,wangwu588@qq.com,浙江徐汇XX园区,34.75,211,102.55,9148.58元,154.8,24.86,78-20181524415,2020年4月3日,1952/1/23,,,,1658985061
EMP1176,孙八,女,33.1180241007747,广州,产品部,P4,2021/9/17,,2.8,14387.034585207397,5931.383461955035,487.9758572275207,11341.250421721254,1,70.25136513762016,4,7.725721530648549,27,TRUE,19560452529,not_an_email,江苏徐汇XX街道,20.82,714,77.42,3707.52,406.9,74.4,74-55730850060,2017/3/27,1969/9/17,2017,3,27,
EMP1193,钱七,女,22,西安,财务部,P1,2022/5/12,,2.1,17594.36401850442,6029.350687204321,584.1168094040792,19501.053777552454,TRUE,89.60294129920044,7,7.014183065017715,27,TRUE,18657233178,wangwu783@gmail.com,浙江青岛XX小区,18.87,567,305.39,$164.40 ,342.4,3.36,11-69483474381,2017/12/27,1966/8/31,2017,12,27,1646769664
EMP1241,赵六,男,26.755490680377545,广州,财务部,P1,2024/3/10,,0.3,11250.252098756555,2563.801272396425,357.777837089389,8728.604324993215,TRUE,95.55612385101446,11,8.530320424506222,28,TRUE,19421214426,zhaoliu336@outlook.com,,24.81,211,330.12,"￥9,282.97",81.4,56.99,72-66287860835,2021/3/23,1970/3/29,2021,3,23,1468000857
EMP1055,张三,男,37.62743531616504,成都,财务部,P1,2017/2/5,,7.4,11324.139173349957,1503.566832261003,333.1830287957689,11613.50673418503,TRUE,85.82696872246665,9,7.7594784479667664,23,TRUE,19108399996,zhangsan221@outlook.com,四川徐汇XX街道,,312,182.71,4287.13,455.5,76.25,56-73688812930,2019/5/16,1960/10/4,2019,,16,1580703083
EMP1147,吴十,男,25,广州,技术部,资深,2022/3/15,,9.5,8000,2828.026443812395,626.5915665219978,7740.555805796182,TRUE,90,4,8.196360516402553,18,TRUE,13217734861,lisi926@qq.com,上海南京XX园区,24.69,339,210.14,RMB9666,411.3,87.68,29-33345239530,2020/1/8,1963/11/20,2020,1,8,1491523936
EMP1151,郑十一,男,35.55194649483302,上海,财务部,P1,2020/10/4,,3.7,12920.404693879453,4652.66393849893,440.8096644016556,7948.216422548177,TRUE,75.72458677502512,12,7.8223741921583665,22,TRUE,13630757561,user@,江苏朝阳XX路,29.91,388,113.44,"￥9,635.60",474.9,34.21,76-92764373670,2016/4/12,1998/11/20,2016,4,12,1722456268
EMP1148,杨十九,男,35,广州,技术部,资深,2022/3/15,,9.5,8000,2828.026443812395,626.5915665219978,7740.555805796182,TRUE,90,4,8.196360516402553,18,TRUE,13217734861,lisi926@qq.com,四川长沙XX小区,19.05,516,62.1,"￥8,530.71",362.9,82.13,78-77751569123,2021/10/5,1973/7/3,2021,10,5,
UNKNOWN,吴十,女,22,深圳,销售部,P3,2021/11/11,,2.6,6905.130397098202,2220.9641533384033,924.2047203064888,8015.933521397876,TRUE,69.66514575752869,6,7.384178742891363,26,TRUE,138-0013-8000,wangwu75@company.com,四川郑州XX园区,31.11,520,296.14,RMB2951,306.7,11.07,69-90449144995,,1975/3/20,,,,1501309967
EMP1197,陈十三,女,22.49251832031663,深圳,运营部,P2,2022/7/6,2024/4/18,7,14519.923361390138,1952.2662567655002,749.956551563538,11983.04050876331,TRUE,72.26295730110375,12,,27,TRUE,17811443654,zhangsan999@163.com,上海成都XX巷,21.89,185,366.95,"￥3,856.74",209.2,84.65,44-22604105020,2024/2/17,1966/6/14,2024,2,17,1536673951
EMP1068,李四,女,27.052891655365322,上海,财务部,P1,2017/8/5,,6.9,13688.434373959622,1653.6929400389765,645.6015695668054,7537.720842902962,TRUE,-5,9,8.277037292153706,16,FALSE,13484194737,,广东武汉XX巷,29.79,697,225.73,"￥8,512.00",466.4,12.76,45-73916119262,2019/6/18,,2019,6,18,1626217161
EMP1210,张三,男,29.213005925880708,深圳,市场部,P3,2023/1/3,,1.5,15594.471358394589,2536.3647583198517,902.8460948955976,12278.555740973012,TRUE,84.84903856499565,5,8.96610054639444,24,TRUE,18607042130,zhaoliu842@163.com,山东郑州XX小区,18.2,444,126,"$3,175.73 ",433,39.73,41-73352813247,2016/11/4,1991/11/17,2016,11,4,1553070899
EMP1232,吴十,男,40.771622421114536,广州,技术部,P4,11/06/2023,,0.6,9969.066787080974,1824.3850613396592,485.9323100656257,9501.074912036676,TRUE,69.84661890162357,8,8.753996054890155,,FALSE,18278632824,user548@163.com,四川青岛XX巷,15.25,172,323.5,"$1,703.06 ",22.7,79.73,82-54577419627,2024/7/20,1960/11/13,2024,7,20,1693374669
EMP1201,朱二十,女,27.631309013720028,成都,财务部,P1,2022/8/31,,1.8,8780.962613525044,941.6040192204337,451.88599356478375,7427.009913886807,TRUE,70.53726978368896,5,7.142777860059057,25,TRUE,19596043327,user153@company.com,四川南京XX巷,31.63,212,374.59,5571.89,13.3,15,13-32870761702,2022/11/24,1999/1/27,2022,11,24,1434442841
EMP1168,赵六,男,27.818036443997403,成都,运营部,P1,2021/5/28,,3.1,15983.124913510115,6703.025334896275,406.3550839051287,10563.93228572961,TRUE,62.536924208111486,11,6.58222590951786,19,TRUE,18210152642,user187@outlook.com,浙江成都XX大道,34.58,366,94.27,9361.25,188.3,22.93,72-58155688071,,1983/11/28,,,,1698006046
EMP1185,赵六,女,26.201217816444455,深圳,市场部,P1,2022/1/20,,2.4,9496.461876394062,3421.477910785779,631.3815757921346,7496.754261726984,TRUE,90.34850537734538,13,7.458807280248308,34,TRUE,17987588450,lisi52@qq.com,山东长沙XX小区,20.23,,113.88,6962.64,405.3,72.23,43-45821482566,2015/8/20,1970/12/30,2015,8,20,1449338178
EMP1035,褚十四,女,28.20402363566135,上海,人事部,P2,NULL,,,20742.84665845662,3783.3971930758294,470.8886602927233,,TRUE,79.14583690616074,10,8.002958995385024,24,TRUE,18162959284,zhangsan730@company.com,北京朝阳XX大道,20.62,383,360.65,"$5,704.34 ",493.6,72.01,86-84201008529,2024/2/23,1976/10/5,2025,,12,1627212342
EMP1129,周九,男,26.858093321941702,西安,财务部,专家,2019/12/2,,4.6,11341.756121509303,2087.4174407540695,664.280129398352,5875.252954087674,FALSE,74.36086667920999,10,6.752595957675284,27,TRUE,19155926488,zhangsan895@company.com,浙江成都XX大道,,416,138.49,980.7,75.3,64.12,11-19410515698,2024/3/10,1964/8/22,2024,3,10,1703663255
