order_id,user_id,商品名称,price,quantity,order_time,支付状态,address,order_date,city
ORD002,U1002,无线鼠标,59.0,2,2023-11-01 11:00:00,已支付,上海市浦东新区陆家嘴环路1000号,2023-11-01,上海市
ORD003,U1003,机械键盘,1564.0,1,,未支付,广东省深圳市南山区科技园路123号,,广东省
ORD001,U1001,iPhone 15,5999.0,1,,已支付,北京市朝阳区建国路88号,,北京市
ORD004,U1004,Type-C数据线,1564.0,1,,已支付,浙江省杭州市西湖区文一西路123号,,浙江省
ORD006,U1006,4K显示器,2999.0,1,2023-11-02 14:30:00,已支付,四川省成都市武侯区天府大道中段123号,2023-11-02,四川省
ORD007,U1007,蓝牙耳机,129.0,1,,已支付,湖北省武汉市江汉区建设大道568号,,湖北省
ORD008,U1008,USB扩展坞,1564.0,1,,未支付,陕西省西安市雁塔区科技路123号,,陕西省
ORD009,U1009,手机壳,29.0,3,2023-11-03 16:20:00,已支付,,2023-11-03,
ORD010,U1010,平板电脑,3500.0,1,,已支付,重庆市渝中区解放碑步行街123号,,重庆市
