date,channel,exposure,clicks,cost,gmv,new_users
2025-09-01,小红书,6362,347,94.34,772.82,177
2025-09-01,微信,6684,211,84.4,687.16,72
2025-09-01,抖音,14847,652,123.53,1358.66,226
2025-09-01,淘宝,11641,318,135.12,1333.89,145
2025-09-01,自然流量,3131,160,29.96,318.77,72
2025-09-02,小红书,7391,277,60.96,688.46,124
2025-09-02,微信,6439,176,93.48,632.16,93
2025-09-02,抖音,8741,191,103.29,843.03,67
2025-09-02,淘宝,11347,639,136.82,1394.51,318
2025-09-02,自然流量,2881,160,29.86,245.07,92
2025-09-03,小红书,6769,282,66.68,741.99,152
2025-09-03,微信,7750,177,73.47,699.14,59
2025-09-03,抖音,11138,343,160.89,1165.8,139
2025-09-03,淘宝,10159,534,163.98,1266.47,276
2025-09-03,自然流量,4051,91,44.22,434.54,36
2025-09-04,小红书,9670,410,117.32,875.7,183
2025-09-04,微信,5676,228,88.01,613.2,85
2025-09-04,抖音,16720,760,217.62,1531.44,335
2025-09-04,淘宝,12881,477,104.4,1276.58,158
2025-09-04,自然流量,3578,179,35.64,371.19,57
2025-09-05,小红书,7914,217,100.55,705.69,100
2025-09-05,微信,4437,179,60.38,552.81,65
2025-09-05,抖音,11489,601,121.9,980.39,337
2025-09-05,淘宝,11215,415,172.75,1258.54,231
2025-09-05,自然流量,4322,142,42.71,367.16,72
2025-09-06,小红书,3846,82,51.63,420.9,36
2025-09-06,微信,6038,179,64.24,505.59,94
2025-09-06,抖音,7891,464,123.0,834.63,174
2025-09-06,淘宝,10393,323,181.85,1266.58,120
2025-09-06,自然流量,2272,111,26.84,253.86,54
2025-09-07,小红书,9598,418,149.83,1175.8,127
2025-09-07,微信,6094,155,53.89,518.82,51
2025-09-07,抖音,9876,527,121.02,1181.18,187
2025-09-07,淘宝,9155,246,111.07,865.26,102
2025-09-07,自然流量,4695,198,48.78,416.68,73
2025-09-08,小红书,6402,357,83.44,587.21,190
2025-09-08,微信,5177,136,76.45,645.61,69
2025-09-08,抖音,7385,412,126.17,882.15,201
2025-09-08,淘宝,11395,266,98.46,1078.26,151
2025-09-08,自然流量,3549,102,43.45,334.58,37
2025-09-09,小红书,5457,189,64.23,651.61,70
2025-09-09,微信,6735,267,61.2,653.42,137
2025-09-09,抖音,16991,916,202.05,1603.15,430
2025-09-09,淘宝,17021,770,199.57,1471.36,347
2025-09-09,淘宝,17021,770,199.57,1471.36,347
2025-09-09,自然流量,3599,209,44.08,306.05,85
2025-09-10,小红书,7382,241,59.47,647.37,112
2025-09-10,微信,7006,347,78.41,608.8,177
2025-09-10,抖音,10914,623,148.88,1353.83,367
2025-09-10,淘宝,12063,577,123.16,1027.11,189
2025-09-10,自然流量,2836,90,41.08,300.58,48
2025-09-11,小红书,24230,812,222.79,2096.02,266
2025-09-11,微信,4973,106,84.26,612.41,43
2025-09-11,抖音,15277,702,176.26,1364.9,378
2025-09-11,淘宝,13103,546,132.94,1328.6,260
2025-09-11,自然流量,4503,128,50.24,406.48,41
2025-09-12,小红书,5391,166,53.39,482.18,53
2025-09-12,微信,3833,115,52.64,444.46,59
2025-09-12,抖音,7522,310,108.01,916.57,152
2025-09-12,淘宝,12731,744,217.69,1571.58,378
2025-09-12,自然流量,3914,122,54.02,367.91,63
2025-09-13,小红书,7092,174,73.25,880.25,54
2025-09-13,微信,5380,200,66.78,618.98,96
2025-09-13,抖音,16780,501,181.91,1733.85,264
2025-09-13,淘宝,14098,337,162.99,1424.61,148
2025-09-13,自然流量,2893,130,35.09,304.58,72
2025-09-14,小红书,8138,350,74.16,691.97,172
2025-09-14,微信,4532,148,76.13,547.11,45
2025-09-14,抖音,11207,297,89.52,1053.89,146
2025-09-14,淘宝,11385,476,168.94,1157.91,197
2025-09-14,自然流量,3275,102,25.69,290.98,51
2025-09-15,小红书,9504,496,129.01,863.88,210
2025-09-15,微信,5694,285,45.14,517.51,162
2025-09-15,抖音,16439,857,149.88,1502.64,302
2025-09-15,淘宝,19330,1106,289.21,2064.49,474
2025-09-15,自然流量,5144,287,59.45,554.37,87
2025-09-16,小红书,8628,327,82.39,819.64,130
2025-09-16,微信,4923,206,66.34,598.17,116
2025-09-16,抖音,14019,331,123.47,1206.32,193
2025-09-16,淘宝,18607,932,235.7,1740.64,500
2025-09-16,自然流量,3005,74,28.77,319.63,39
2025-09-17,小红书,9203,214,73.07,850.25,127
2025-09-17,微信,4011,93,56.72,422.02,43
2025-09-17,抖音,8144,391,83.14,977.03,213
2025-09-17,淘宝,11750,680,155.64,1044.4,357
2025-09-17,自然流量,4185,166,40.05,495.65,73
2025-09-18,小红书,10793,377,91.09,910.91,211
2025-09-18,微信,5263,221,93.82,634.57,100
2025-09-18,抖音,9483,234,101.72,1152.97,115
2025-09-18,淘宝,19571,1145,177.91,2200.42,676
2025-09-18,自然流量,4220,201,44.87,401.26,98
2025-09-19,小红书,8226,368,83.26,837.52,131
2025-09-19,微信,5678,235,53.49,526.1,127
2025-09-19,抖音,12210,381,218.68,1492.42,216
2025-09-19,淘宝,9115,210,130.73,882.05,125
2025-09-19,自然流量,3720,196,46.81,319.53,101
2025-09-20,小红书,10911,283,111.03,913.2,117
2025-09-20,微信,2815,153,46.87,342.34,91
2025-09-20,抖音,12058,442,167.59,1153.48,247
2025-09-20,淘宝,13470,723,157.25,1133.89,318
2025-09-20,自然流量,3508,148,39.17,292.69,86
2025-09-21,小红书,7083,331,97.95,794.57,134
2025-09-21,微信,4317,183,59.79,422.96,77
2025-09-21,抖音,8934,224,133.79,911.45,107
2025-09-21,淘宝,13967,710,161.28,1385.45,394
2025-09-21,自然流量,4321,123,35.78,399.53,37
2025-09-22,小红书,7520,386,80.59,747.89,187
2025-09-22,微信,3855,228,44.87,391.93,90
2025-09-22,抖音,15886,692,181.56,1689.58,298
2025-09-22,淘宝,20548,1191,162.05,1794.72,688
2025-09-22,自然流量,4155,123,33.65,394.48,41
2025-09-23,小红书,6748,181,59.11,632.48,56
2025-09-23,微信,4343,150,56.71,492.11,76
2025-09-23,抖音,11478,388,187.77,1315.18,171
2025-09-23,淘宝,11440,269,116.2,1313.77,117
2025-09-23,自然流量,3859,219,28.3,335.81,83
2025-09-24,小红书,7821,271,83.93,746.84,142
2025-09-24,微信,10919,413,151.94,,153
2025-09-24,抖音,14209,709,117.63,1265.94,257
2025-09-24,淘宝,6873,206,109.62,843.65,117
2025-09-24,自然流量,4803,168,43.08,529.2,66
2025-09-25,小红书,6810,271,52.55,610.47,124
2025-09-25,微信,7266,311,72.04,686.53,185
2025-09-25,抖音,8656,481,124.09,1020.89,242
2025-09-25,淘宝,21351,535,219.22,2195.14,218
2025-09-25,自然流量,2370,61,27.41,281.98,21
2025-09-26,小红书,7807,462,71.13,809.76,193
2025-09-26,微信,7968,336,81.61,,129
2025-09-26,抖音,12081,379,127.27,1381.35,215
2025-09-26,淘宝,14474,790,167.19,1218.63,298
2025-09-26,自然流量,3470,95,32.16,313.27,40
2025-09-27,小红书,5930,232,80.72,688.22,73
2025-09-27,微信,4177,197,61.71,463.25,94
2025-09-27,抖音,5744,255,68.04,679.03,120
2025-09-27,淘宝,8486,505,105.46,1028.23,274
2025-09-27,自然流量,1722,98,25.32,183.28,57
2025-09-28,小红书,7155,384,62.39,694.88,206
2025-09-28,微信,5173,284,58.93,548.32,154
2025-09-28,抖音,7101,349,121.76,835.75,123
2025-09-28,淘宝,10799,286,112.21,1226.33,155
2025-09-28,自然流量,5573,195,64.2,571.23,76
2025-09-29,小红书,14142,635,107.27,1216.49,369
2025-09-29,微信,9244,476,72.37,798.61,187
2025-09-29,抖音,10764,602,128.84,1205.54,278
2025-09-29,淘宝,8869,459,127.91,1036.47,211
2025-09-29,自然流量,4004,171,65.66,492.28,96
2025-09-30,小红书,8367,217,71.82,747.81,112
2025-09-30,微信,4314,243,59.75,494.47,102
2025-09-30,抖音,9076,479,85.01,968.8,265
2025-09-30,淘宝,12777,583,151.0,1174.42,269
2025-09-30,自然流量,2885,167,26.59,293.04,79
2025-10-01,小红书,8912,507,107.01,826.27,175
2025-10-01,微信,8233,201,125.09,839.9,110
2025-10-01,抖音,17853,979,321.25,2211.7,459
2025-10-01,淘宝,23283,1151,349.15,2401.21,664
2025-10-01,自然流量,4204,151,34.0,405.61,60
2025-10-02,小红书,9223,312,129.36,982.8,135
2025-10-02,微信,3564,122,36.88,305.73,59
2025-10-02,抖音,17686,356,163.03,1577.54,149
2025-10-02,淘宝,13594,517,137.28,1527.75,182
2025-10-02,自然流量,3177,147,36.49,394.61,86
2025-10-03,小红书,5016,250,57.45,606.67,142
2025-10-03,微信,5810,221,61.08,523.33,95
2025-10-03,抖音,9358,560,129.2,1121.98,268
2025-10-03,淘宝,10586,411,155.35,1299.59,131
2025-10-03,自然流量,4708,128,76.65,546.2,74
2025-10-04,小红书,6966,201,82.63,859.21,100
2025-10-04,微信,3155,93,49.06,375.73,51
2025-10-04,抖音,5766,177,75.98,607.41,74
2025-10-04,淘宝,14155,342,238.28,1752.13,120
2025-10-04,自然流量,4600,165,51.51,406.34,59
2025-10-05,小红书,5491,237,68.91,629.36,134
2025-10-05,微信,6958,253,78.65,662.93,109
2025-10-05,抖音,9525,223,111.86,1183.03,68
2025-10-05,淘宝,10111,355,135.73,1118.81,135
2025-10-05,自然流量,3962,101,50.46,358.42,45
2025-10-06,小红书,9101,275,77.55,863.99,151
2025-10-06,微信,5731,241,79.14,630.11,132
2025-10-06,抖音,13561,705,128.57,1171.33,216
2025-10-06,淘宝,11676,479,90.01,978.16,182
2025-10-06,自然流量,2764,56,28.06,313.21,31
2025-10-07,小红书,9895,349,118.97,1022.78,109
2025-10-07,微信,4581,156,65.22,500.44,60
2025-10-07,抖音,13307,620,118.05,1279.32,356
2025-10-07,淘宝,14223,627,165.9,1707.24,261
2025-10-07,自然流量,3361,193,41.42,315.49,70
2025-10-08,小红书,14166,720,132.7,1517.22,232
2025-10-08,微信,8019,383,70.93,716.13,182
2025-10-08,抖音,18827,574,281.92,2317.33,181
2025-10-08,淘宝,15980,636,187.72,1464.41,273
2025-10-08,自然流量,3282,77,50.12,347.53,26
2025-10-09,小红书,10488,486,120.02,934.28,269
2025-10-09,微信,4286,244,36.7,396.11,114
2025-10-09,抖音,10295,429,166.21,1177.88,222
2025-10-09,淘宝,13095,779,215.32,1473.92,242
2025-10-09,自然流量,3570,210,44.6,305.27,92
2025-10-10,小红书,7309,181,69.97,819.46,92
2025-10-10,微信,7990,359,122.35,861.5,174
2025-10-10,抖音,17875,961,159.79,1561.44,527
2025-10-10,淘宝,12506,612,113.02,1336.29,241
2025-10-10,自然流量,3752,78,59.2,420.15,23
2025-10-11,小红书,9824,354,100.82,887.55,172
2025-10-11,微信,6907,217,73.89,733.45,80
2025-10-11,抖音,12240,635,156.03,1041.2,257
2025-10-11,淘宝,11047,546,110.31,1140.62,181
2025-10-11,自然流量,3214,151,32.11,337.06,88
2025-10-12,小红书,7021,187,100.33,671.64,69
2025-10-12,微信,3862,106,58.52,434.84,42
2025-10-12,抖音,12053,284,118.13,1081.51,160
2025-10-12,淘宝,17765,816,184.95,1509.31,370
2025-10-12,自然流量,2450,143,42.24,297.73,82
2025-10-13,小红书,6169,255,84.28,693.62,120
2025-10-13,微信,5783,243,46.88,544.57,102
2025-10-13,抖音,18458,482,234.68,1711.63,177
2025-10-13,淘宝,14870,865,180.62,1286.94,469
2025-10-13,自然流量,3086,122,24.27,283.34,44
2025-10-14,小红书,17001,576,191.79,1504.69,270
2025-10-14,微信,7947,375,90.83,736.6,197
2025-10-14,抖音,10728,247,139.53,999.59,110
2025-10-14,淘宝,11911,656,178.41,1313.57,326
2025-10-14,自然流量,3920,216,64.04,454.08,66
2025-10-15,小红书,9401,378,66.76,829.89,145
2025-10-15,微信,6749,163,80.9,607.01,75
2025-10-15,抖音,10749,534,105.02,1150.9,291
2025-10-15,淘宝,16563,503,195.7,1573.4,232
2025-10-15,自然流量,4113,235,34.05,390.58,136
2025-10-16,小红书,7760,347,68.81,827.04,194
2025-10-16,微信,9524,360,87.99,887.41,215
2025-10-16,抖音,13833,314,130.04,1286.7,160
2025-10-16,淘宝,14976,879,166.81,1259.15,298
2025-10-16,自然流量,3818,145,35.99,393.48,78
2025-10-17,小红书,11272,293,105.3,954.99,170
2025-10-17,微信,5315,155,43.58,459.16,47
2025-10-17,抖音,7743,365,116.96,929.61,139
2025-10-17,淘宝,22825,706,354.34,2380.06,298
2025-10-17,自然流量,3351,130,43.23,292.53,46
2025-10-18,小红书,6807,144,115.36,798.53,69
2025-10-18,微信,3790,150,36.39,430.66,71
2025-10-18,抖音,16791,857,196.04,1463.37,474
2025-10-18,淘宝,19883,780,156.8,1777.55,263
2025-10-18,自然流量,4840,251,54.26,533.35,109
2025-10-19,小红书,4124,89,42.16,370.97,29
2025-10-19,微信,3552,144,32.89,381.77,58
2025-10-19,抖音,9473,299,117.19,910.94,166
2025-10-19,淘宝,13340,641,151.81,1273.85,194
2025-10-19,自然流量,2718,129,36.01,264.69,46
2025-10-20,小红书,8799,482,105.55,812.02,260
2025-10-20,微信,8181,374,97.46,834.04,194
2025-10-20,抖音,9697,234,139.32,1118.56,119
2025-10-20,淘宝,11940,627,109.24,1276.0,356
2025-10-20,自然流量,3499,78,40.89,420.26,27
2025-10-21,小红书,9459,377,105.74,889.49,194
2025-10-21,微信,5583,214,87.04,618.28,110
2025-10-21,抖音,13184,441,102.73,1107.64,236
2025-10-21,淘宝,13323,628,128.8,1514.32,194
2025-10-21,自然流量,3326,115,52.87,354.49,35
2025-10-22,小红书,12155,448,104.11,1047.63,214
2025-10-22,微信,5574,314,47.5,513.14,116
2025-10-22,抖音,20397,880,196.89,1778.59,455
2025-10-22,淘宝,17306,491,183.64,1485.63,240
2025-10-22,自然流量,5248,142,61.74,441.6,63
2025-10-23,小红书,6310,224,107.82,729.21,84
2025-10-23,微信,7173,164,73.69,802.02,74
2025-10-23,抖音,13446,545,144.54,1374.68,260
2025-10-23,淘宝,12039,303,160.49,1085.23,132
2025-10-23,自然流量,4989,149,63.22,513.13,76
2025-10-24,小红书,8398,438,89.3,738.19,245
2025-10-24,微信,5870,146,80.36,719.7,84
2025-10-24,抖音,9193,245,87.57,1060.65,127
2025-10-24,淘宝,22243,544,249.28,2520.99,172
2025-10-24,自然流量,3754,151,33.6,405.23,52
2025-10-25,小红书,6346,134,75.31,741.53,68
2025-10-25,微信,4496,121,50.36,391.92,66
2025-10-25,抖音,12593,511,146.5,1282.59,255
2025-10-25,淘宝,17654,419,188.85,1486.08,181
2025-10-25,自然流量,3526,157,49.71,353.03,73
2025-10-26,小红书,7638,351,69.77,797.73,174
2025-10-26,微信,5674,281,78.2,552.66,118
2025-10-26,抖音,9075,519,143.33,1117.44,261
2025-10-26,淘宝,11494,252,142.18,958.1,106
2025-10-26,自然流量,3516,164,51.59,377.82,86
2025-10-27,小红书,10492,363,121.56,,184
2025-10-27,微信,3647,170,43.21,350.23,74
2025-10-27,抖音,12555,311,131.58,1113.97,93
2025-10-27,淘宝,10478,365,112.28,1170.72,117
2025-10-27,自然流量,5151,201,41.82,511.27,80
2025-10-28,小红书,12723,619,166.1,1130.8,189
2025-10-28,微信,5075,291,64.42,615.84,96
2025-10-28,抖音,10533,378,133.45,1106.4,173
2025-10-28,淘宝,15169,307,216.45,1727.1,174
2025-10-28,自然流量,3915,118,39.36,393.79,46
2025-10-29,小红书,10938,272,105.01,1132.99,137
2025-10-29,微信,5094,200,58.64,429.84,93
2025-10-29,抖音,11604,515,163.34,1255.2,196
2025-10-29,淘宝,16688,405,184.36,1540.04,152
2025-10-29,自然流量,4872,214,56.68,412.72,120
2025-10-30,小红书,6519,202,80.65,586.19,86
2025-10-30,微信,4881,266,42.43,445.87,87
2025-10-30,抖音,9606,273,132.33,1077.85,115
2025-10-30,淘宝,13459,320,156.0,1261.42,139
2025-10-30,自然流量,3498,159,52.94,432.21,73
2025-10-31,小红书,6123,221,62.47,568.02,113
2025-10-31,微信,7903,260,86.42,901.47,105
2025-10-31,抖音,10833,431,155.69,1043.88,146
2025-10-31,淘宝,15730,364,148.71,1729.29,206
2025-10-31,自然流量,3336,173,38.87,403.42,79
2025-11-01,小红书,11069,514,110.03,924.28,266
2025-11-01,微信,5137,212,50.63,583.53,92
2025-11-01,抖音,9693,446,98.7,841.4,177
2025-11-01,淘宝,9291,208,112.47,942.27,122
2025-11-01,自然流量,2977,100,34.18,270.1,53
2025-11-02,小红书,6335,284,54.18,628.28,149
2025-11-02,微信,4444,152,42.29,490.93,88
2025-11-02,抖音,9291,530,91.44,776.25,292
2025-11-02,淘宝,14670,709,108.8,1318.28,277
2025-11-02,自然流量,2059,78,26.22,214.84,35
2025-11-03,小红书,7775,428,114.94,816.53,231
2025-11-03,微信,6438,379,85.67,686.12,207
2025-11-03,抖音,15910,634,203.63,1362.5,352
2025-11-03,淘宝,16331,525,125.36,1463.37,220
2025-11-03,自然流量,2725,148,46.2,319.53,66
2025-11-04,小红书,8709,197,75.24,919.72,67
2025-11-04,微信,6683,161,85.52,684.95,58
2025-11-04,抖音,14777,592,183.3,1698.72,203
2025-11-04,淘宝,18048,673,154.92,1521.39,304
2025-11-04,自然流量,5048,113,78.97,586.49,49
2025-11-05,小红书,7390,166,79.37,686.26,99
2025-11-05,微信,2700,149,35.32,316.86,53
2025-11-05,抖音,13398,801,136.78,1627.45,407
2025-11-05,淘宝,15654,698,141.08,1390.76,340
2025-11-05,自然流量,4785,174,69.69,505.25,90
2025-11-06,小红书,4244,121,33.84,418.57,45
2025-11-06,微信,5820,230,62.76,693.5,91
2025-11-06,抖音,8391,255,138.41,1038.93,86
2025-11-06,淘宝,12610,528,167.07,1494.27,292
2025-11-06,自然流量,3640,130,42.97,383.07,69
2025-11-07,小红书,6201,332,56.86,687.6,189
2025-11-07,微信,6867,279,75.2,830.78,145
2025-11-07,抖音,21296,1239,248.67,1840.89,488
2025-11-07,淘宝,23313,1060,298.71,2367.81,602
2025-11-07,自然流量,5939,280,49.01,591.02,91
2025-11-08,小红书,6703,213,74.4,712.13,113
2025-11-08,微信,5284,110,50.01,583.23,64
2025-11-08,抖音,7713,157,136.81,930.97,81
2025-11-08,淘宝,8534,204,123.87,981.39,107
2025-11-08,自然流量,4578,161,41.17,436.14,54
2025-11-09,小红书,6900,304,69.92,578.95,159
2025-11-09,微信,3832,170,57.35,392.76,63
2025-11-09,抖音,8830,450,105.58,844.17,206
2025-11-09,淘宝,18083,836,143.05,1607.86,335
2025-11-09,自然流量,1764,49,29.55,207.96,24
2025-11-10,小红书,7620,292,96.07,691.49,151
2025-11-10,微信,6575,174,71.78,804.56,90
2025-11-10,抖音,17030,917,214.76,1488.01,344
2025-11-10,淘宝,15419,644,263.65,1770.36,374
2025-11-10,自然流量,3513,188,46.02,350.48,86
2025-11-11,小红书,35645,1798,308.3,3380.27,788
2025-11-11,微信,22323,628,236.89,1993.08,326
2025-11-11,抖音,50388,2032,490.34,4863.1,954
2025-11-11,淘宝,46414,1386,755.66,5774.88,828
2025-11-11,自然流量,11843,325,118.7,1131.84,173
2025-11-12,小红书,9500,329,82.61,802.94,113
2025-11-12,微信,6310,275,58.71,546.6,116
2025-11-12,抖音,12816,274,153.41,1160.46,98
2025-11-12,淘宝,21536,747,200.18,1796.9,385
2025-11-12,自然流量,3053,72,33.1,273.16,31
2025-11-13,小红书,14339,748,132.45,1339.41,409
2025-11-13,微信,7965,324,79.13,714.1,111
2025-11-13,抖音,17390,392,198.43,1645.37,183
2025-11-13,淘宝,20276,468,170.64,2029.03,187
2025-11-13,自然流量,4729,176,43.78,507.9,64
2025-11-14,小红书,9876,507,82.69,936.65,214
2025-11-14,微信,7355,154,64.35,787.7,84
2025-11-14,抖音,21010,1204,218.95,1751.87,513
2025-11-14,淘宝,14060,611,126.99,1366.72,249
2025-11-14,自然流量,3809,219,40.67,414.34,93
2025-11-15,小红书,4331,100,66.47,507.56,44
2025-11-15,微信,4373,202,58.4,397.35,64
2025-11-15,抖音,7532,404,60.98,655.53,218
2025-11-15,淘宝,6061,298,83.07,621.81,103
2025-11-15,自然流量,3016,94,36.05,366.64,35
2025-11-16,小红书,6158,243,61.39,745.41,77
2025-11-16,微信,7540,319,92.61,636.14,100
2025-11-16,抖音,8759,441,107.45,963.85,235
2025-11-16,淘宝,6530,365,56.7,695.51,182
2025-11-16,自然流量,2512,148,22.54,230.05,73
2025-11-17,小红书,4517,117,51.16,534.23,43
2025-11-17,微信,5523,266,78.84,667.9,86
2025-11-17,抖音,9243,393,118.25,1051.33,232
2025-11-17,淘宝,22884,971,234.09,2007.02,324
2025-11-17,自然流量,4677,184,43.57,475.68,107
2025-11-18,小红书,8272,335,136.84,1002.84,146
2025-11-18,微信,4333,238,69.56,491.34,133
2025-11-18,抖音,13181,480,168.06,1338.38,222
2025-11-18,淘宝,11051,366,169.71,1276.31,166
2025-11-18,自然流量,4439,225,30.46,371.86,71
2025-11-19,小红书,9731,342,115.77,862.04,201
2025-11-19,微信,10725,384,138.06,958.39,176
2025-11-19,抖音,8001,451,95.56,811.82,202
2025-11-19,淘宝,10957,448,124.42,1242.99,240
2025-11-19,自然流量,4523,216,71.02,523.99,85
2025-11-20,小红书,7059,314,62.08,723.21,177
2025-11-20,微信,9000,239,121.05,854.05,102
2025-11-20,抖音,9642,537,138.84,1103.66,185
2025-11-20,淘宝,17910,657,224.69,1509.11,328
2025-11-20,自然流量,5854,325,46.05,538.24,168
2025-11-21,小红书,6148,325,69.76,622.02,132
2025-11-21,微信,6220,184,66.58,740.32,74
2025-11-21,抖音,20059,1089,314.86,2292.66,503
2025-11-21,淘宝,19899,1057,206.37,1994.58,372
2025-11-21,自然流量,4494,224,57.59,458.59,108
2025-11-22,小红书,6534,215,78.16,610.44,68
2025-11-22,微信,5151,208,48.46,478.04,75
2025-11-22,抖音,12941,765,162.85,1309.15,258
2025-11-22,淘宝,12192,652,136.24,1368.57,321
2025-11-22,自然流量,4440,224,52.27,386.61,111
2025-11-23,小红书,6473,353,77.8,657.82,146
2025-11-23,微信,5053,274,55.67,554.13,157
2025-11-23,抖音,9645,542,135.44,1066.84,253
2025-11-23,淘宝,11899,290,109.5,999.31,90
2025-11-23,自然流量,3928,205,28.98,356.58,120
2025-11-24,小红书,11350,472,91.06,1049.54,175
2025-11-24,微信,6103,133,79.65,556.2,73
2025-11-24,抖音,10749,336,134.01,949.77,112
2025-11-24,淘宝,13740,603,150.48,1492.74,235
2025-11-24,自然流量,5868,160,43.39,507.27,59
2025-11-25,小红书,6720,357,99.27,814.13,119
2025-11-25,微信,6335,235,64.29,629.12,101
2025-11-25,抖音,20572,439,222.31,1840.39,262
2025-11-25,淘宝,16797,947,254.4,2005.58,519
2025-11-25,自然流量,5700,251,73.2,513.74,108
2025-11-26,小红书,9354,330,126.85,1111.36,163
2025-11-26,微信,6210,214,77.87,688.7,67
2025-11-26,抖音,18615,895,173.5,1795.69,406
2025-11-26,淘宝,16976,683,192.42,,219
2025-11-26,自然流量,4270,141,40.87,359.29,50
2025-11-27,小红书,8301,355,85.81,740.49,137
2025-11-27,微信,5556,305,63.46,554.0,155
2025-11-27,抖音,10539,329,95.36,1009.26,149
2025-11-27,淘宝,14575,522,107.01,1242.87,253
2025-11-27,自然流量,3924,99,32.53,327.82,41
2025-11-28,小红书,6081,353,74.02,538.39,106
2025-11-28,微信,5264,186,69.67,622.43,76
2025-11-28,抖音,8892,431,93.7,764.55,169
2025-11-28,淘宝,12004,268,162.54,1329.36,135
2025-11-28,自然流量,4175,95,32.48,379.43,38
2025-11-29,小红书,6995,395,81.52,663.44,222
2025-11-29,微信,3083,113,38.57,383.17,50
2025-11-29,抖音,9377,438,101.61,796.93,178
2025-11-29,淘宝,13957,346,183.41,1281.02,110
2025-11-29,自然流量,3601,78,30.96,349.35,36
2025-11-30,小红书,5854,181,55.55,547.6,97
2025-11-30,微信,4443,192,50.78,479.1,92
2025-11-30,抖音,14849,799,179.82,1399.66,342
2025-11-30,淘宝,20388,1107,260.35,1805.91,475
2025-11-30,自然流量,4180,111,48.48,440.14,38
2025-12-01,小红书,10393,237,120.64,1110.08,93
2025-12-01,微信,6409,164,67.94,596.05,50
2025-12-01,抖音,18385,622,144.43,1590.42,191
2025-12-01,淘宝,22769,1007,224.37,2126.31,367
2025-12-01,自然流量,4299,251,45.86,429.02,78
2025-12-02,小红书,6678,373,64.27,729.32,218
2025-12-02,微信,6537,232,59.05,551.96,93
2025-12-02,抖音,10141,212,156.04,1173.78,92
2025-12-02,淘宝,18590,986,265.83,1785.51,381
2025-12-02,自然流量,3031,126,39.57,296.78,69
2025-12-03,小红书,6965,408,91.31,767.07,164
2025-12-03,微信,3816,210,39.41,318.73,98
2025-12-03,抖音,12140,389,122.07,1243.66,139
2025-12-03,淘宝,13759,351,148.08,1333.01,171
2025-12-03,自然流量,3903,109,40.09,372.4,33
2025-12-03,自然流量,3903,109,40.09,372.4,33
2025-12-04,小红书,5567,305,48.98,549.42,163
2025-12-04,微信,5424,321,62.69,550.67,179
2025-12-04,抖音,20711,1212,333.91,2324.27,626
2025-12-04,淘宝,14604,804,234.37,1604.4,277
2025-12-04,自然流量,2347,66,34.23,256.78,27
2025-12-05,小红书,8924,451,94.81,789.1,264
2025-12-05,微信,7312,417,56.61,695.98,184
2025-12-05,抖音,16525,655,198.09,1645.1,366
2025-12-05,淘宝,14179,345,225.18,1611.0,148
2025-12-05,自然流量,2061,100,24.64,191.78,34
2025-12-06,小红书,3870,231,61.35,481.64,126
2025-12-06,微信,6170,312,80.78,580.25,151
2025-12-06,抖音,8974,279,75.8,800.03,163
2025-12-06,淘宝,16754,430,202.88,1528.4,228
2025-12-06,自然流量,2806,101,36.65,337.75,32
2025-12-07,小红书,3518,140,57.44,423.56,71
2025-12-07,微信,4718,269,45.6,420.79,153
2025-12-07,抖音,7687,187,111.74,,109
2025-12-07,淘宝,11028,252,145.51,1344.83,97
2025-12-07,自然流量,2496,97,25.76,268.8,47
2025-12-08,小红书,8585,326,103.76,857.44,158
2025-12-08,微信,5417,221,47.76,530.61,117
2025-12-08,抖音,11488,527,107.93,1218.12,298
2025-12-08,淘宝,14175,688,217.47,1580.72,372
2025-12-08,自然流量,3631,92,49.31,397.45,29
2025-12-09,小红书,8370,168,71.7,737.04,87
2025-12-09,微信,5942,330,58.79,532.66,189
2025-12-09,抖音,8477,277,61.69,771.09,125
2025-12-09,淘宝,14447,347,164.07,1559.34,132
2025-12-09,自然流量,4733,277,42.93,497.73,140
2025-12-10,小红书,8395,391,114.2,773.59,206
2025-12-10,微信,5164,177,92.64,630.34,79
2025-12-10,抖音,6868,330,52.38,652.21,115
2025-12-10,淘宝,14097,341,206.62,1533.62,168
2025-12-10,自然流量,2463,85,29.52,278.8,26
2025-12-11,小红书,9242,510,88.89,934.64,256
2025-12-11,微信,5107,182,62.72,482.76,65
2025-12-11,抖音,7482,274,92.97,675.89,152
2025-12-11,淘宝,11769,374,101.06,1128.35,185
2025-12-11,自然流量,6126,192,56.04,529.97,60
2025-12-12,小红书,5821,120,55.24,622.7,50
2025-12-12,微信,6780,276,72.89,572.02,108
2025-12-12,抖音,10996,587,98.23,1212.34,242
2025-12-12,淘宝,8002,350,63.79,790.48,153
2025-12-12,自然流量,4824,284,42.47,478.33,86
2025-12-13,小红书,6551,228,55.87,697.54,88
2025-12-13,微信,5923,226,57.45,532.59,88
2025-12-13,抖音,13525,707,107.92,1220.61,268
2025-12-13,淘宝,19880,1172,261.59,1877.99,359
2025-12-13,自然流量,2986,86,35.15,361.38,38
2025-12-13,自然流量,2986,86,35.15,361.38,38
2025-12-14,小红书,12326,514,151.84,1030.15,165
2025-12-14,微信,4508,116,59.8,437.17,56
2025-12-14,抖音,8034,468,142.51,976.13,250
2025-12-14,淘宝,8172,209,114.97,930.44,111
2025-12-14,自然流量,4562,154,72.8,504.76,59
2025-12-15,小红书,5542,323,76.01,649.26,120
2025-12-15,微信,5842,217,47.65,573.54,75
2025-12-15,抖音,9198,511,120.61,931.04,162
2025-12-15,淘宝,25296,1193,215.82,2529.07,456
2025-12-15,自然流量,5515,156,47.08,563.79,86
2025-12-16,小红书,10053,595,111.09,926.81,224
2025-12-16,微信,4766,268,62.33,426.72,157
2025-12-16,抖音,12764,355,158.02,1077.9,212
2025-12-16,淘宝,20632,926,369.95,2488.16,330
2025-12-16,自然流量,4907,129,50.45,444.94,66
2025-12-17,小红书,11588,237,93.48,1159.38,96
2025-12-17,微信,8165,194,82.3,748.08,59
2025-12-17,抖音,10838,494,152.72,1205.76,172
2025-12-17,淘宝,19189,559,203.96,1639.46,204
2025-12-17,自然流量,3545,164,31.54,357.25,63
2025-12-18,小红书,7316,367,110.32,764.56,214
2025-12-18,微信,8202,242,72.1,771.86,139
2025-12-18,抖音,17305,377,192.63,1445.38,155
2025-12-18,抖音,17305,377,192.63,1445.38,155
2025-12-18,淘宝,10488,315,112.4,940.66,128
2025-12-18,自然流量,3566,76,33.13,401.43,26
2025-12-19,小红书,13199,664,130.83,1311.23,269
2025-12-19,微信,5805,163,70.54,581.17,58
2025-12-19,抖音,10840,339,138.53,945.38,160
2025-12-19,淘宝,11744,679,144.55,1014.51,289
2025-12-19,自然流量,5443,295,55.15,583.62,94
2025-12-20,小红书,17428,804,142.47,1572.29,452
2025-12-20,微信,9722,356,141.68,1215.34,112
2025-12-20,抖音,13157,703,120.83,1170.24,357
2025-12-20,淘宝,17443,375,159.95,1798.15,198
2025-12-20,自然流量,5085,101,74.7,569.97,59
2025-12-21,小红书,9038,438,133.3,971.75,155
2025-12-21,微信,10013,465,82.61,966.32,215
2025-12-21,抖音,15218,707,225.68,1710.53,392
2025-12-21,淘宝,22456,1259,323.15,2367.92,749
2025-12-21,自然流量,11567,308,143.72,1067.42,146
2025-12-22,小红书,12153,490,127.94,1208.7,284
2025-12-22,微信,17989,979,163.45,1647.97,530
2025-12-22,抖音,28534,1386,413.53,3106.17,458
2025-12-22,淘宝,40951,1575,544.91,3771.79,800
2025-12-22,自然流量,7150,422,107.12,765.36,215
2025-12-23,小红书,14929,737,143.21,1339.62,226
2025-12-23,微信,9771,514,106.8,903.18,303
2025-12-23,抖音,21873,929,293.35,2005.19,417
2025-12-23,淘宝,34018,695,387.21,2995.61,410
2025-12-23,自然流量,6605,265,104.87,804.86,148
2025-12-24,小红书,13315,431,154.78,1543.12,241
2025-12-24,微信,17903,366,195.88,1540.16,115
2025-12-24,抖音,30484,1093,266.37,2985.55,611
2025-12-24,淘宝,38719,1742,516.25,4301.25,957
2025-12-24,自然流量,5208,177,69.7,564.46,70
2025-12-25,小红书,16535,550,129.25,1539.35,226
2025-12-25,微信,13275,319,119.98,1206.46,122
2025-12-25,抖音,31961,1156,247.91,2923.97,618
2025-12-25,淘宝,25363,1158,273.5,2153.48,567
2025-12-25,自然流量,6145,363,53.52,631.7,165
2025-12-26,小红书,13396,409,131.83,1396.9,181
2025-12-26,微信,8526,494,103.53,1027.0,161
2025-12-26,抖音,27293,1315,273.13,2492.23,531
2025-12-26,淘宝,27850,1635,320.4,2620.74,528
2025-12-26,自然流量,14165,434,108.39,1337.14,255
2025-12-27,小红书,11740,641,165.28,1129.93,212
2025-12-27,微信,13366,630,134.31,1237.12,191
2025-12-27,抖音,28247,1328,406.17,3137.34,641
2025-12-27,淘宝,19221,1110,293.38,2230.06,627
2025-12-27,自然流量,5546,167,59.87,536.89,98
2025-12-28,小红书,11054,412,119.01,1376.13,216
2025-12-28,微信,14287,636,171.92,1379.37,236
2025-12-28,抖音,26020,1220,441.07,2972.34,403
2025-12-28,淘宝,24523,916,354.6,2714.3,277
2025-12-28,自然流量,5802,319,86.88,659.62,97
2025-12-29,小红书,18918,837,219.97,1730.69,271
2025-12-29,微信,11840,528,177.58,1345.3,275
2025-12-29,抖音,25359,724,279.03,2819.76,270
2025-12-29,淘宝,32576,1744,376.25,2759.32,953
2025-12-29,自然流量,10686,242,112.29,1059.54,139
2025-12-30,小红书,35434,1352,394.46,3178.09,506
2025-12-30,微信,22924,726,225.35,2028.86,222
2025-12-30,抖音,31330,1088,492.55,3452.24,543
2025-12-30,淘宝,27709,1273,412.78,2836.18,406
2025-12-30,自然流量,7283,288,128.32,885.6,95
2025-12-31,小红书,13594,372,207.63,1641.44,209
2025-12-31,微信,10124,419,105.65,1006.36,170
2025-12-31,抖音,18065,657,205.62,1633.72,248
2025-12-31,淘宝,34637,1641,269.95,3077.08,634
2025-12-31,自然流量,8100,417,72.7,715.92,239
2026-01-01,小红书,13145,469,185.59,1563.01,211
2026-01-01,微信,9742,432,91.1,998.58,216
2026-01-01,抖音,19714,793,305.37,2093.31,446
2026-01-01,淘宝,31692,1696,414.71,2959.8,889
2026-01-01,自然流量,7377,182,75.75,827.27,54
2026-01-02,小红书,10155,293,140.3,1205.93,141
2026-01-02,微信,13472,500,164.32,1394.18,254
2026-01-02,抖音,18669,920,199.22,1716.76,320
2026-01-02,淘宝,17703,394,211.65,1971.17,145
2026-01-02,自然流量,13117,352,139.58,1213.62,149
2026-01-03,小红书,14417,370,198.08,1542.17,133
2026-01-03,微信,9670,220,98.0,865.7,103
2026-01-03,抖音,20187,496,243.91,1992.81,166
2026-01-03,淘宝,25079,1010,311.03,2844.38,308
2026-01-03,自然流量,7954,162,115.29,882.52,74
2026-01-04,小红书,8770,239,125.09,894.45,134
2026-01-04,微信,4171,229,54.12,504.57,105
2026-01-04,抖音,14846,784,181.95,1308.68,349
2026-01-04,淘宝,10756,247,116.83,1090.38,133
2026-01-04,自然流量,4095,92,43.25,344.97,29
2026-01-05,小红书,6282,213,75.04,707.43,68
2026-01-05,微信,3066,142,39.37,345.69,42
2026-01-05,抖音,15767,944,192.98,1619.86,374
2026-01-05,淘宝,14044,649,167.14,1289.53,196
2026-01-05,自然流量,4735,107,62.1,464.59,50
2026-01-06,小红书,9290,461,81.44,886.3,165
2026-01-06,微信,10605,457,114.05,917.74,158
2026-01-06,抖音,15781,790,193.18,1418.23,359
2026-01-06,淘宝,13983,699,173.65,1209.48,368
2026-01-06,自然流量,5174,251,51.75,522.88,90
2026-01-07,小红书,5754,132,84.64,657.48,54
2026-01-07,微信,9126,414,79.74,776.33,157
2026-01-07,抖音,8096,299,131.18,913.85,135
2026-01-07,淘宝,19062,588,218.95,1704.31,222
2026-01-07,自然流量,4121,180,45.76,464.41,89
2026-01-08,小红书,8088,301,70.17,853.82,113
2026-01-08,微信,5709,319,87.36,614.47,126
2026-01-08,抖音,10659,544,126.16,946.71,193
2026-01-08,淘宝,10664,588,127.21,1310.95,274
2026-01-08,自然流量,4345,260,51.6,374.5,143
2026-01-09,小红书,5990,313,76.33,544.96,187
2026-01-09,微信,5222,241,54.33,564.48,73
2026-01-09,抖音,11157,265,202.3,1349.37,105
2026-01-09,淘宝,9411,323,156.89,1163.34,151
2026-01-09,自然流量,5163,111,64.77,467.3,53
2026-01-10,小红书,7774,293,91.32,705.08,122
2026-01-10,微信,4946,295,83.13,559.1,145
2026-01-10,抖音,14580,655,199.8,1421.96,311
2026-01-10,淘宝,11435,501,185.95,1282.64,289
2026-01-10,自然流量,2256,109,24.44,201.13,34
2026-01-11,小红书,5993,285,77.18,599.24,140
2026-01-11,微信,4436,207,62.62,451.73,72
2026-01-11,抖音,17805,621,242.59,9975.18,217
2026-01-11,淘宝,11165,490,98.02,1059.0,250
2026-01-11,自然流量,5692,296,73.84,501.44,136
2026-01-12,小红书,9104,397,92.38,881.12,125
2026-01-12,微信,5179,287,42.41,452.27,149
2026-01-12,抖音,14787,533,134.83,1485.6,251
2026-01-12,淘宝,11582,427,122.46,1425.25,205
2026-01-12,自然流量,4274,222,70.02,467.38,68
2026-01-13,小红书,9173,208,145.62,982.1,113
2026-01-13,微信,4517,108,45.66,497.84,37
2026-01-13,抖音,15204,586,178.1,1278.4,186
2026-01-13,淘宝,11802,335,136.86,1424.76,147
2026-01-13,自然流量,3589,186,40.5,393.87,72
2026-01-14,小红书,6311,330,64.44,713.78,132
2026-01-14,微信,7765,197,83.54,692.43,88
2026-01-14,抖音,12080,304,132.51,1352.81,123
2026-01-14,淘宝,17985,471,134.66,1569.6,209
2026-01-14,自然流量,2195,98,25.38,255.95,43
2026-01-15,小红书,6387,312,78.08,649.59,156
2026-01-15,微信,7604,265,61.62,657.94,118
2026-01-15,抖音,10850,573,98.78,1176.06,243
2026-01-15,淘宝,15661,650,234.88,1692.12,387
2026-01-15,自然流量,3921,209,41.57,394.79,116
2026-01-16,小红书,8887,240,90.14,752.77,113
2026-01-16,微信,7434,318,80.69,867.98,121
2026-01-16,抖音,17688,585,205.38,1837.39,309
2026-01-16,淘宝,13858,634,133.72,1391.67,295
2026-01-16,自然流量,2651,72,41.16,298.72,27
2026-01-17,小红书,7348,395,97.52,718.54,139
2026-01-17,微信,4839,265,81.93,604.71,129
2026-01-17,抖音,7349,381,81.81,773.82,124
2026-01-17,淘宝,8588,472,94.35,967.9,178
2026-01-17,自然流量,2850,97,25.1,289.92,43
2026-01-18,小红书,7221,279,97.47,731.53,96
2026-01-18,微信,5057,135,36.72,447.13,48
2026-01-18,抖音,13363,288,114.85,1143.85,104
2026-01-18,淘宝,12104,450,148.17,1216.67,269
2026-01-18,自然流量,4503,182,59.2,481.08,104
2026-01-19,小红书,24245,640,174.52,2134.89,278
2026-01-19,微信,7300,260,86.36,651.52,87
2026-01-19,抖音,11174,239,161.58,1362.59,103
2026-01-19,淘宝,13571,423,119.87,1300.84,175
2026-01-19,自然流量,3568,152,48.33,333.19,63
2026-01-20,小红书,6269,132,98.46,668.41,66
2026-01-20,微信,8789,486,98.22,745.62,186
2026-01-20,抖音,11986,248,199.97,1450.35,113
2026-01-20,淘宝,21202,649,221.91,1807.09,326
2026-01-20,自然流量,3257,190,28.81,356.94,97
2026-01-21,小红书,11296,343,120.27,1156.07,188
2026-01-21,微信,4921,288,63.66,,129
2026-01-21,抖音,17866,580,155.06,1493.82,187
2026-01-21,淘宝,14519,344,160.9,1760.48,164
2026-01-21,自然流量,4064,203,50.68,381.74,96
2026-01-22,小红书,6064,335,90.04,631.05,191
2026-01-22,微信,5109,271,46.47,525.68,141
2026-01-22,抖音,9273,488,106.17,798.28,154
2026-01-22,淘宝,21488,1023,229.88,2321.71,365
2026-01-22,自然流量,3110,98,35.17,307.15,38
2026-01-23,小红书,12327,607,165.8,1314.79,351
2026-01-23,微信,6633,351,112.22,824.7,116
2026-01-23,抖音,7379,181,100.81,852.35,103
2026-01-23,淘宝,17029,952,173.0,1602.35,378
2026-01-23,自然流量,2555,151,28.66,301.54,48
2026-01-24,小红书,4657,198,54.0,535.99,115
2026-01-24,微信,2596,57,40.66,316.54,24
2026-01-24,抖音,19347,958,153.35,1863.99,476
2026-01-24,淘宝,14656,869,127.62,1299.94,513
2026-01-24,自然流量,2442,108,26.79,274.2,51
2026-01-25,小红书,6783,224,57.2,604.45,72
2026-01-25,微信,2837,100,28.17,251.23,39
2026-01-25,抖音,15085,589,139.8,1337.06,240
2026-01-25,淘宝,9909,285,93.02,872.07,154
2026-01-25,自然流量,3610,76,40.4,356.58,32
2026-01-26,小红书,7101,175,90.25,734.34,101
2026-01-26,微信,9025,401,85.09,801.67,151
2026-01-26,抖音,11606,536,198.68,1342.62,251
2026-01-26,淘宝,16665,384,164.09,1565.31,178
2026-01-26,自然流量,3097,105,40.06,367.75,52
2026-01-27,小红书,6876,252,77.27,841.94,142
2026-01-27,微信,7506,430,93.73,650.23,210
2026-01-27,抖音,10006,272,95.02,1044.39,149
2026-01-27,淘宝,10282,506,151.07,1027.21,185
2026-01-27,自然流量,3206,132,37.11,,56
2026-01-28,小红书,10503,369,155.58,1080.03,138
2026-01-28,微信,3106,95,30.64,380.86,56
2026-01-28,抖音,20067,1063,165.76,1836.66,584
2026-01-28,淘宝,17674,695,180.19,1553.57,272
2026-01-28,自然流量,5737,205,63.35,483.67,82
2026-01-29,小红书,11072,232,113.16,925.65,115
2026-01-29,微信,6060,253,71.72,656.74,88
2026-01-29,抖音,18352,660,209.93,1556.99,250
2026-01-29,淘宝,14691,400,154.48,1249.9,146
2026-01-29,自然流量,4092,228,31.87,371.02,95
2026-01-30,小红书,5738,306,105.08,708.9,104
2026-01-30,微信,3020,130,30.08,372.26,69
2026-01-30,抖音,7450,153,112.03,886.88,73
2026-01-30,淘宝,11488,628,186.45,1287.14,267
2026-01-30,自然流量,5130,110,67.4,556.15,46
2026-01-31,小红书,7215,302,63.46,759.64,129
2026-01-31,微信,4807,182,59.44,573.59,102
2026-01-31,抖音,9379,453,102.03,1030.59,258
2026-01-31,淘宝,12638,367,194.91,1420.5,212
2026-01-31,自然流量,1534,54,19.25,164.38,18
2026-02-01,小红书,5725,208,77.35,606.27,65
2026-02-01,微信,4235,236,36.99,366.91,87
2026-02-01,抖音,9555,498,123.72,928.76,172
2026-02-01,淘宝,8722,311,138.04,1071.75,111
2026-02-01,自然流量,3981,117,52.45,,64
2026-02-02,小红书,9739,300,78.11,911.55,179
2026-02-02,微信,9143,339,97.76,947.98,159
2026-02-02,抖音,14693,385,201.77,1532.54,157
2026-02-02,淘宝,21497,678,211.4,1875.18,329
2026-02-02,自然流量,4277,203,50.16,364.45,94
2026-02-03,小红书,6974,210,88.64,630.51,69
2026-02-03,微信,8369,369,103.06,806.58,174
2026-02-03,抖音,14883,307,183.78,1338.63,95
2026-02-03,淘宝,10769,637,161.05,1266.45,352
2026-02-03,自然流量,2895,89,39.87,297.96,32
2026-02-04,小红书,8240,364,134.83,966.79,114
2026-02-04,微信,6605,153,80.45,820.02,47
2026-02-04,抖音,9691,483,87.96,922.92,153
2026-02-04,淘宝,12033,687,125.31,1213.8,302
2026-02-04,自然流量,3119,84,30.82,306.05,41
2026-02-05,小红书,6642,156,97.96,802.5,62
2026-02-05,微信,6856,384,86.06,635.35,193
2026-02-05,抖音,22953,505,275.42,1935.13,238
2026-02-05,淘宝,35855,1300,276.64,3072.73,668
2026-02-05,自然流量,2694,155,25.32,251.39,46
2026-02-06,小红书,7307,240,84.73,669.52,112
2026-02-06,微信,4593,165,71.53,545.9,88
2026-02-06,抖音,10250,464,117.02,962.77,141
2026-02-06,淘宝,10089,537,173.76,1204.28,265
2026-02-06,自然流量,2868,58,37.48,318.11,32
2026-02-07,小红书,4140,147,38.44,397.02,48
2026-02-07,微信,8357,499,87.82,727.09,271
2026-02-07,抖音,16934,721,166.06,1431.41,234
2026-02-07,淘宝,14698,350,146.64,1587.34,208
2026-02-07,自然流量,1699,54,19.75,182.54,27
2026-02-08,小红书,9735,467,119.95,903.63,262
2026-02-08,微信,4983,222,71.14,509.96,79
2026-02-08,抖音,6523,295,68.03,764.5,139
2026-02-08,淘宝,20746,569,161.98,1980.29,219
2026-02-08,自然流量,3469,144,28.86,335.45,45
2026-02-09,小红书,8609,343,135.21,1054.25,128
2026-02-09,微信,8445,385,100.56,892.82,137
2026-02-09,抖音,7905,343,110.86,938.7,126
2026-02-09,淘宝,15593,694,241.31,1689.2,376
2026-02-09,自然流量,4989,210,48.53,461.73,120
2026-02-10,小红书,10498,602,106.15,1088.02,202
2026-02-10,微信,5289,245,91.66,611.69,106
2026-02-10,抖音,9936,356,123.42,928.42,155
2026-02-10,淘宝,15879,356,173.22,1669.53,160
2026-02-10,自然流量,2536,140,32.69,299.8,58
2026-02-11,小红书,7609,297,107.99,884.24,140
2026-02-11,微信,6016,134,80.8,680.9,64
2026-02-11,抖音,8372,315,98.67,787.01,100
2026-02-11,淘宝,14888,499,137.76,1549.96,208
2026-02-11,自然流量,3830,164,34.74,333.42,88
2026-02-12,小红书,6994,182,89.98,815.78,87
2026-02-12,微信,9850,505,86.54,870.62,294
2026-02-12,抖音,10042,565,105.43,978.5,219
2026-02-12,淘宝,19257,446,192.98,1702.1,218
2026-02-12,自然流量,4604,264,56.68,446.06,117
2026-02-13,小红书,6595,301,72.08,675.79,95
2026-02-13,微信,5815,308,62.46,515.48,125
2026-02-13,抖音,7160,415,51.96,637.16,246
2026-02-13,淘宝,14101,791,144.88,1356.21,288
2026-02-13,自然流量,4394,185,54.07,392.35,90
2026-02-14,小红书,8456,380,114.26,952.08,135
2026-02-14,微信,3639,137,40.0,437.41,48
2026-02-14,抖音,11068,645,135.11,1146.18,310
2026-02-14,淘宝,14617,598,126.77,1322.24,298
2026-02-14,自然流量,2475,88,34.95,301.73,39
2026-02-15,小红书,11961,506,152.93,1039.01,159
2026-02-15,微信,5421,291,46.36,460.11,94
2026-02-15,抖音,7103,380,67.2,745.29,171
2026-02-15,淘宝,17193,374,190.48,2048.83,172
2026-02-15,自然流量,3050,76,31.14,351.4,34
2026-02-16,小红书,5528,233,49.54,580.25,70
2026-02-16,微信,7926,214,73.73,848.54,125
2026-02-16,抖音,11994,568,146.88,1003.07,194
2026-02-16,淘宝,19300,764,218.32,2001.43,234
2026-02-16,自然流量,5430,193,56.64,586.41,63
2026-02-17,小红书,8132,253,102.5,980.92,135
2026-02-17,微信,5101,301,49.04,529.26,162
2026-02-17,抖音,12350,640,180.57,1417.02,297
2026-02-17,淘宝,17740,525,209.27,1482.07,288
2026-02-17,自然流量,2649,130,31.05,283.82,61
2026-02-18,小红书,8706,365,97.48,900.97,166
2026-02-18,微信,10484,625,85.28,901.65,254
2026-02-18,抖音,15338,343,171.83,1337.78,117
2026-02-18,淘宝,10053,264,172.56,1178.27,148
2026-02-18,自然流量,3682,126,46.28,380.69,59
2026-02-19,小红书,7679,262,127.61,947.99,122
2026-02-19,微信,7090,179,70.03,712.44,76
2026-02-19,抖音,17398,676,238.95,2012.34,318
2026-02-19,淘宝,11073,529,146.57,1224.29,285
2026-02-19,自然流量,6000,243,57.81,577.15,73
2026-02-20,小红书,6902,268,68.56,793.57,130
2026-02-20,微信,9258,398,115.13,808.82,190
2026-02-20,抖音,8286,173,91.61,757.53,100
2026-02-20,淘宝,8750,488,81.33,867.61,149
2026-02-20,自然流量,4084,230,44.58,371.33,81
2026-02-21,小红书,11226,500,99.14,1156.65,163
2026-02-21,微信,5600,257,88.18,695.27,138
2026-02-21,抖音,12849,359,137.74,1415.95,140
2026-02-21,淘宝,15450,629,168.92,1778.52,242
2026-02-21,自然流量,3612,75,27.95,307.93,42
2026-02-22,小红书,5111,160,66.51,469.76,50
2026-02-22,微信,4818,226,46.61,481.81,119
2026-02-22,抖音,19326,911,263.48,1814.32,545
2026-02-22,淘宝,12515,360,124.35,1386.78,200
2026-02-22,自然流量,2697,76,41.51,279.77,37
2026-02-23,小红书,6682,328,75.19,625.26,118
2026-02-23,微信,4685,144,45.74,487.04,77
2026-02-23,抖音,18461,593,211.9,1572.74,314
2026-02-23,淘宝,13996,454,153.58,1397.14,224
2026-02-23,自然流量,5634,196,64.2,484.19,111
2026-02-24,小红书,8726,212,85.47,877.54,83
2026-02-24,微信,5433,258,92.48,632.77,130
2026-02-24,抖音,13036,457,114.38,1102.46,145
2026-02-24,淘宝,14737,800,224.04,1600.2,423
2026-02-24,自然流量,4240,171,35.42,400.72,67
2026-02-25,小红书,11865,622,157.6,1077.93,244
2026-02-25,微信,5181,138,37.76,450.87,71
2026-02-25,抖音,7984,434,63.83,712.27,254
2026-02-25,淘宝,12523,316,141.68,1095.27,165
2026-02-25,自然流量,4862,262,52.46,491.03,91
2026-02-26,小红书,10707,569,150.19,1087.8,291
2026-02-26,微信,7527,417,65.11,781.54,245
2026-02-26,抖音,10988,536,145.28,1254.82,257
2026-02-26,淘宝,19225,1060,266.0,2034.02,353
2026-02-26,自然流量,4741,142,76.19,522.05,55
2026-02-27,小红书,8429,289,92.58,,131
2026-02-27,微信,6108,267,62.53,573.39,113
2026-02-27,抖音,19155,684,154.85,1725.43,207
2026-02-27,淘宝,14789,816,174.79,1514.87,369
2026-02-27,自然流量,4339,120,53.53,389.51,59
2026-02-28,小红书,3957,236,42.1,381.1,135
2026-02-28,微信,5714,307,64.67,490.08,107
2026-02-28,抖音,6821,341,87.59,755.69,135
2026-02-28,淘宝,10025,368,108.45,1137.1,110
2026-02-28,自然流量,3582,88,42.69,368.47,35
2026-03-01,小红书,8710,328,118.39,930.11,148
2026-03-01,微信,5429,322,72.6,546.62,120
2026-03-01,抖音,10105,453,138.62,1063.77,150
2026-03-01,淘宝,13046,712,91.98,1139.84,379
2026-03-01,自然流量,3433,204,47.34,338.11,67
2026-03-02,小红书,10360,550,88.7,1108.2,215
2026-03-02,微信,4798,168,70.12,496.21,96
2026-03-02,抖音,7548,272,90.68,940.33,148
2026-03-02,淘宝,10205,280,146.66,1233.63,108
2026-03-02,自然流量,2006,116,20.05,238.07,45
2026-03-03,小红书,7355,167,124.39,865.84,59
2026-03-03,微信,6026,326,56.22,694.69,147
2026-03-03,抖音,10795,354,107.46,1174.45,189
2026-03-03,淘宝,13566,566,102.73,7213.200000000001,332
2026-03-03,自然流量,3997,229,51.83,360.81,125
2026-03-04,小红书,8585,226,108.3,843.56,79
2026-03-04,微信,3736,87,39.03,366.8,36
2026-03-04,抖音,10522,332,122.53,1151.7,138
2026-03-04,淘宝,16924,839,189.42,1513.07,290
2026-03-04,自然流量,3168,113,53.2,363.49,38
2026-03-05,小红书,7111,196,61.04,676.6,113
2026-03-05,微信,5278,239,59.84,570.38,82
2026-03-05,抖音,12860,313,172.99,1163.45,129
2026-03-05,淘宝,23463,1302,248.86,2010.52,706
2026-03-05,自然流量,3640,191,37.42,350.51,64
2026-03-06,小红书,6330,335,63.16,669.92,147
2026-03-06,微信,5499,261,69.33,678.81,82
2026-03-06,抖音,9467,432,125.63,1029.16,219
2026-03-06,淘宝,11103,614,136.83,1315.61,310
2026-03-06,自然流量,2693,62,25.48,282.17,24
2026-03-07,小红书,7252,191,91.46,619.63,69
2026-03-07,微信,3121,176,37.09,360.27,72
2026-03-07,抖音,9884,557,95.1,1182.51,247
2026-03-07,淘宝,11654,487,150.81,1062.72,227
2026-03-07,自然流量,3904,130,51.86,353.68,67
2026-03-08,小红书,7930,450,79.24,722.59,181
2026-03-08,微信,6443,338,60.61,583.17,145
2026-03-08,抖音,10604,321,145.58,1293.44,118
2026-03-08,淘宝,12492,425,180.27,1254.74,200
2026-03-08,自然流量,3444,198,38.1,308.18,103
2026-03-09,小红书,11901,594,127.48,1214.25,291
2026-03-09,微信,7668,219,114.07,772.24,112
2026-03-09,抖音,17295,930,165.94,1541.46,293
2026-03-09,淘宝,10364,517,140.08,1185.1,186
2026-03-09,自然流量,3830,142,36.68,323.83,80
2026-03-10,小红书,6772,146,125.57,846.13,54
2026-03-10,微信,7358,373,99.87,673.54,176
2026-03-10,抖音,17191,651,169.15,1908.27,235
2026-03-10,淘宝,19456,508,249.76,1907.02,243
2026-03-10,自然流量,4522,252,48.3,546.67,100
2026-03-11,小红书,8283,194,96.97,721.66,107
2026-03-11,微信,9100,259,85.87,1035.83,102
2026-03-11,抖音,9685,425,92.49,859.96,187
2026-03-11,淘宝,16449,612,172.62,1884.82,313
2026-03-11,自然流量,4723,256,58.44,461.32,110
2026-03-12,小红书,8930,368,115.87,969.54,176
2026-03-12,微信,5032,219,42.56,455.48,109
2026-03-12,抖音,10977,242,158.94,1214.88,81
2026-03-12,淘宝,14218,835,177.84,1358.21,481
2026-03-12,自然流量,5600,230,58.15,562.34,104
2026-03-13,小红书,12617,392,154.08,1293.97,158
2026-03-13,微信,4169,85,42.36,356.91,44
2026-03-13,抖音,15896,829,168.19,1808.46,269
2026-03-13,淘宝,14499,825,142.34,1235.91,328
2026-03-13,自然流量,3670,85,54.67,369.22,38
2026-03-14,小红书,8950,264,73.85,788.58,119
2026-03-14,微信,4384,164,74.54,535.97,62
2026-03-14,抖音,7199,267,61.78,724.76,88
2026-03-14,淘宝,8118,179,137.94,996.7,60
2026-03-14,自然流量,2926,126,35.84,298.72,50
2026-03-15,小红书,9269,419,113.47,1014.07,186
2026-03-15,微信,5909,262,59.97,507.16,98
2026-03-15,抖音,9241,224,105.44,997.78,73
2026-03-15,淘宝,17187,537,159.34,1558.12,310
2026-03-15,自然流量,2682,145,34.1,286.21,65
2026-03-16,小红书,9093,227,106.55,882.66,120
2026-03-16,微信,5224,146,81.21,565.48,77
2026-03-16,抖音,12173,282,149.43,1169.1,163
2026-03-16,淘宝,20212,1131,235.89,1907.82,383
2026-03-16,自然流量,2595,130,33.63,297.13,47
2026-03-17,小红书,6398,324,79.7,725.98,152
2026-03-17,微信,7105,377,66.47,743.84,218
2026-03-17,抖音,16346,353,160.6,1561.77,155
2026-03-17,淘宝,11234,240,154.54,1389.66,130
2026-03-17,自然流量,4490,258,51.97,408.06,105
2026-03-18,小红书,7457,387,111.36,845.56,123
2026-03-18,微信,5879,206,67.23,493.84,88
2026-03-18,抖音,10881,522,155.8,1166.43,302
2026-03-18,淘宝,9502,563,128.85,1030.88,290
2026-03-18,自然流量,4485,128,39.12,380.46,67
2026-03-19,小红书,6529,223,81.31,752.9,70
2026-03-19,微信,5201,189,55.52,481.42,57
2026-03-19,抖音,12175,539,141.3,1271.61,281
2026-03-19,淘宝,9663,535,84.75,935.16,256
2026-03-19,自然流量,6752,313,51.86,627.12,128
2026-03-20,小红书,9742,531,97.48,870.53,234
2026-03-20,微信,4848,203,63.99,585.94,114
2026-03-20,抖音,11842,667,154.08,1183.34,316
2026-03-20,淘宝,17833,416,232.09,1652.95,184
2026-03-20,自然流量,4668,103,67.54,456.28,46
2026-03-21,小红书,5802,297,71.34,631.28,109
2026-03-21,微信,4435,246,57.1,508.82,126
2026-03-21,抖音,8295,321,126.78,905.24,125
2026-03-21,淘宝,10387,345,174.78,1198.84,139
2026-03-21,自然流量,4381,96,31.85,367.12,49
2026-03-22,小红书,5799,256,64.62,,78
2026-03-22,微信,6291,350,56.38,544.73,169
2026-03-22,抖音,6733,140,110.79,825.48,47
2026-03-22,淘宝,13697,567,159.61,1407.61,236
2026-03-22,自然流量,1461,85,14.43,160.3,40
2026-03-23,小红书,6850,179,91.1,822.42,81
2026-03-23,微信,8524,172,100.16,732.45,100
2026-03-23,抖音,12637,393,149.97,1384.19,235
2026-03-23,淘宝,11588,378,110.42,1282.6,147
2026-03-23,自然流量,2102,55,37.0,251.3,25
2026-03-24,小红书,7186,260,65.14,709.22,154
2026-03-24,微信,8104,483,98.92,805.58,198
2026-03-24,抖音,20868,1248,191.12,1908.82,575
2026-03-24,淘宝,15597,453,176.85,1497.92,230
2026-03-24,自然流量,3274,110,37.85,343.35,58
2026-03-25,小红书,6142,246,67.83,690.31,74
2026-03-25,微信,6718,287,110.5,785.06,136
2026-03-25,抖音,13526,700,163.84,1361.3,281
2026-03-25,淘宝,18922,765,198.61,1786.28,451
2026-03-25,自然流量,4584,159,36.46,421.63,69
2026-03-26,小红书,6993,390,109.96,744.65,168
2026-03-26,微信,2986,105,38.16,364.33,41
2026-03-26,抖音,13822,810,226.48,1539.92,303
2026-03-26,淘宝,17343,536,212.22,1613.15,169
2026-03-26,自然流量,2115,68,35.77,241.29,28
2026-03-27,小红书,11148,262,136.17,1068.98,83
2026-03-27,微信,3533,205,35.23,414.02,73
2026-03-27,抖音,11441,492,174.14,1170.0,183
2026-03-27,淘宝,19867,985,181.3,1913.13,544
2026-03-27,自然流量,3565,159,44.85,379.69,53
2026-03-28,小红书,5280,188,82.75,557.78,110
2026-03-28,微信,6804,369,85.21,612.41,150
2026-03-28,抖音,7060,257,103.09,797.43,93
2026-03-28,淘宝,9009,294,107.48,1089.2,132
2026-03-28,自然流量,2114,101,20.7,256.49,42
2026-03-29,小红书,5733,281,75.3,585.94,167
2026-03-29,微信,5896,182,64.99,574.02,72
2026-03-29,抖音,12599,601,180.71,1352.26,235
2026-03-29,淘宝,14213,660,195.91,1596.92,379
2026-03-29,自然流量,2985,165,34.68,289.33,80
2026-03-30,小红书,8068,265,78.99,805.48,116
2026-03-30,微信,6067,277,99.32,717.59,131
2026-03-30,抖音,9101,361,103.65,1019.03,127
2026-03-30,淘宝,13981,713,226.62,1659.5,378
2026-03-30,自然流量,3485,74,42.98,344.57,24
2026-03-31,小红书,8876,214,92.51,1025.8,120
2026-03-31,微信,6555,150,54.83,624.04,47
2026-03-31,抖音,19748,626,239.61,2027.51,212
2026-03-31,淘宝,17827,689,154.2,1762.91,340
2026-03-31,自然流量,3774,95,41.05,418.01,39
2026-04-01,小红书,8427,383,96.19,926.06,229
2026-04-01,微信,5349,315,69.92,471.48,100
2026-04-01,抖音,14113,683,109.37,1244.56,355
2026-04-01,淘宝,14038,294,154.21,1197.57,152
2026-04-01,自然流量,4784,120,56.71,451.82,71
2026-04-02,小红书,9009,200,100.63,915.84,88
2026-04-02,微信,5177,244,69.45,549.61,125
2026-04-02,抖音,18272,686,129.89,1568.79,280
2026-04-02,淘宝,21874,998,190.12,1867.33,456
2026-04-02,自然流量,2084,67,20.39,229.72,33
2026-04-03,小红书,5890,275,97.48,709.03,102
2026-04-03,微信,4712,265,77.03,560.48,139
2026-04-03,抖音,14132,786,137.19,1231.14,344
2026-04-03,淘宝,23148,688,238.43,2011.39,246
2026-04-03,自然流量,2510,59,32.77,246.48,28
2026-04-03,自然流量,2510,59,32.77,246.48,28
2026-04-04,小红书,7314,160,108.86,906.43,87
2026-04-04,微信,7528,353,64.81,686.47,143
2026-04-04,抖音,7375,203,78.33,843.21,64
2026-04-04,淘宝,12779,434,167.17,1373.13,165
2026-04-04,自然流量,4591,115,68.74,539.85,64
2026-04-05,小红书,7845,402,96.81,749.15,221
2026-04-05,微信,6358,169,80.02,616.19,59
2026-04-05,抖音,9153,221,143.44,1047.77,104
2026-04-05,淘宝,11999,390,167.08,1136.16,120
2026-04-05,自然流量,3930,111,30.37,337.13,58
2026-04-06,小红书,7410,324,91.71,690.41,127
2026-04-06,微信,4843,145,68.02,472.12,55
2026-04-06,抖音,8056,454,72.7,805.44,224
2026-04-06,淘宝,13096,474,199.14,1337.5,183
2026-04-06,自然流量,3304,79,35.93,285.24,45
2026-04-07,小红书,6582,169,68.66,786.21,72
2026-04-07,微信,5667,322,89.91,653.89,130
2026-04-07,抖音,15145,485,131.8,1414.48,189
2026-04-07,淘宝,11515,526,126.76,1351.35,173
2026-04-07,自然流量,4849,229,56.16,452.85,86
2026-04-08,小红书,9699,574,135.09,906.71,290
2026-04-08,微信,5977,222,62.85,568.05,87
2026-04-08,抖音,16442,628,287.01,,295
2026-04-08,淘宝,10807,561,105.36,1204.24,299
2026-04-08,自然流量,5352,307,70.66,484.46,108
2026-04-09,小红书,9751,476,90.73,925.83,245
2026-04-09,微信,5904,213,67.75,556.58,70
2026-04-09,抖音,11862,269,130.0,1316.37,154
2026-04-09,淘宝,15450,399,202.36,1470.52,147
2026-04-09,自然流量,5849,166,48.06,487.57,82
2026-04-10,小红书,6262,329,73.39,689.18,107
2026-04-10,微信,4312,96,46.05,520.78,45
2026-04-10,抖音,12341,698,119.86,1040.46,375
2026-04-10,淘宝,13040,772,172.7,1391.9,327
2026-04-10,自然流量,5768,229,68.45,492.44,99
2026-04-11,小红书,8082,334,128.12,855.62,147
2026-04-11,微信,7337,331,76.92,704.32,113
2026-04-11,抖音,11450,394,164.08,1316.77,126
2026-04-11,淘宝,13305,582,168.99,1189.53,246
2026-04-11,自然流量,2758,136,31.94,311.89,61
2026-04-12,小红书,8362,170,79.37,975.14,80
2026-04-12,微信,4976,145,62.34,455.32,69
2026-04-12,抖音,9970,582,160.93,1152.71,325
2026-04-12,淘宝,11016,448,90.32,1121.71,191
2026-04-12,自然流量,4629,136,64.89,523.48,74
2026-04-13,小红书,6163,277,73.48,699.09,165
2026-04-13,微信,3214,139,33.83,295.55,49
2026-04-13,抖音,9352,437,90.82,815.53,195
2026-04-13,淘宝,9297,526,123.25,905.86,228
2026-04-13,自然流量,3113,104,39.16,267.01,47
2026-04-14,小红书,8326,425,81.19,850.76,148
2026-04-14,微信,5782,269,48.43,484.39,127
2026-04-14,抖音,11927,497,100.91,1133.12,205
2026-04-14,淘宝,11814,674,159.23,1227.4,286
2026-04-14,自然流量,3405,199,37.22,403.57,98
2026-04-15,小红书,5228,173,61.24,628.89,103
2026-04-15,微信,4858,142,40.99,503.74,80
2026-04-15,抖音,16372,768,181.33,1474.06,436
2026-04-15,淘宝,23268,662,209.59,2166.74,254
2026-04-15,自然流量,3665,74,50.0,391.81,40
2026-04-16,小红书,7625,264,110.54,825.67,143
2026-04-16,微信,8861,208,110.89,761.85,113
2026-04-16,抖音,10949,288,172.54,1275.19,139
2026-04-16,淘宝,12808,741,144.68,1334.0,393
2026-04-16,自然流量,4423,124,54.02,396.14,68
2026-04-17,小红书,8384,173,116.67,792.46,54
2026-04-17,微信,6070,242,52.48,617.01,122
2026-04-17,抖音,10041,261,144.05,1224.63,123
2026-04-17,淘宝,19163,1013,145.44,1797.1,468
2026-04-17,自然流量,5921,153,74.68,595.64,53
2026-04-18,小红书,5863,176,76.03,558.01,95
2026-04-18,微信,5377,126,57.69,527.99,70
2026-04-18,抖音,11776,524,93.27,1024.94,308
2026-04-18,淘宝,15322,614,143.82,1285.89,322
2026-04-18,自然流量,2960,70,22.38,259.15,26
2026-04-19,小红书,7728,227,95.13,732.04,127
2026-04-19,微信,4572,184,74.38,542.83,106
2026-04-19,抖音,9363,320,120.67,5354.16,118
2026-04-19,淘宝,9655,255,128.3,994.36,134
2026-04-19,自然流量,4052,144,55.69,399.55,64
2026-04-20,小红书,5225,224,50.69,524.24,120
2026-04-20,微信,5058,194,59.18,583.05,60
2026-04-20,抖音,11922,472,167.94,1205.83,259
2026-04-20,淘宝,11681,389,102.74,1174.5,144
2026-04-20,自然流量,3970,165,50.69,427.32,67
2026-04-21,小红书,8704,245,102.24,788.6,75
2026-04-21,微信,4435,239,50.72,540.27,134
2026-04-21,抖音,12953,392,132.19,1362.17,171
2026-04-21,淘宝,20049,853,202.21,2143.18,445
2026-04-21,自然流量,5162,290,49.45,556.44,102
2026-04-22,小红书,9209,384,77.88,787.57,196
2026-04-22,微信,6976,223,62.96,694.99,85
2026-04-22,抖音,9616,223,90.38,964.36,130
2026-04-22,淘宝,16945,1009,157.02,1593.25,506
2026-04-22,自然流量,4438,223,55.01,467.03,72
2026-04-23,小红书,6512,358,104.1,772.17,125
2026-04-23,微信,9306,209,105.66,1134.77,64
2026-04-23,抖音,15026,782,160.45,1424.35,319
2026-04-23,淘宝,8171,472,93.84,778.23,218
2026-04-23,自然流量,4248,227,45.17,497.28,88
2026-04-24,小红书,6900,177,70.23,839.11,86
2026-04-24,微信,3864,126,53.43,439.57,45
2026-04-24,抖音,13684,477,148.82,1521.24,213
2026-04-24,淘宝,12215,652,172.18,1486.44,298
2026-04-24,自然流量,3589,211,34.57,423.98,114
2026-04-25,小红书,9641,554,111.24,866.14,192
2026-04-25,微信,5290,243,39.11,452.99,141
2026-04-25,抖音,7348,189,110.82,860.24,93
2026-04-25,淘宝,13197,302,192.99,1493.41,127
2026-04-25,自然流量,2660,58,31.77,276.84,19
2026-04-26,小红书,5853,152,83.78,616.54,77
2026-04-26,微信,4621,260,53.22,448.02,91
2026-04-26,抖音,7222,245,100.84,752.0,132
2026-04-26,淘宝,8661,300,86.41,988.57,146
2026-04-26,自然流量,4505,242,59.24,473.55,119
2026-04-27,小红书,9394,220,97.11,863.44,77
2026-04-27,微信,2942,159,31.56,346.93,94
2026-04-27,抖音,20058,887,166.75,1818.94,478
2026-04-27,淘宝,20674,962,273.35,1973.09,350
2026-04-27,自然流量,4774,114,40.52,400.31,56
2026-04-28,小红书,11174,386,172.22,1238.49,138
2026-04-28,微信,7468,278,96.14,651.09,121
2026-04-28,抖音,15341,876,138.06,1632.02,407
2026-04-28,淘宝,21997,935,259.43,1945.43,480
2026-04-28,自然流量,2422,86,41.44,282.63,34
2026-04-29,小红书,7497,383,80.52,754.22,165
2026-04-29,微信,4546,139,42.31,425.59,80
2026-04-29,抖音,11100,360,137.31,1018.57,155
2026-04-29,淘宝,10489,549,109.34,1038.17,251
2026-04-29,自然流量,4878,103,56.79,460.67,46
2026-04-30,小红书,7670,169,64.23,777.37,87
2026-04-30,微信,5312,167,52.52,539.69,82
2026-04-30,抖音,18393,632,154.8,1806.28,226
2026-04-30,淘宝,17546,707,167.68,1728.33,370
2026-04-30,自然流量,3787,200,39.01,357.13,64
2026-05-01,小红书,11227,659,113.25,961.02,288
2026-05-01,微信,6509,281,69.58,662.8,98
2026-05-01,抖音,14368,585,147.86,1789.44,275
2026-05-01,淘宝,12879,497,150.98,1559.39,219
2026-05-01,自然流量,5881,197,80.3,551.96,113
2026-05-02,小红书,6596,196,91.22,813.24,95
2026-05-02,微信,5376,256,72.99,488.73,98
2026-05-02,抖音,9046,195,135.02,6142.26,106
2026-05-02,淘宝,23730,1179,231.03,2319.93,553
2026-05-02,自然流量,2772,91,30.76,277.48,50
2026-05-03,小红书,6916,225,86.0,742.4,130
2026-05-03,微信,4377,247,61.16,458.72,111
2026-05-03,抖音,10787,592,103.03,1223.93,335
2026-05-03,淘宝,14072,504,115.7,1231.6,215
2026-05-03,自然流量,2784,84,37.39,338.26,29
2026-05-04,小红书,9696,393,112.91,841.19,184
2026-05-04,微信,9049,356,64.36,762.04,165
2026-05-04,抖音,15209,770,127.42,1289.97,367
2026-05-04,淘宝,15707,386,136.64,1538.28,177
2026-05-04,自然流量,8128,486,78.77,715.25,192
2026-05-05,小红书,14448,443,167.57,1224.93,140
2026-05-05,微信,6463,379,79.32,610.3,218
2026-05-05,抖音,6917,234,83.52,847.33,118
2026-05-05,淘宝,14532,736,156.1,1238.31,402
2026-05-05,自然流量,3126,78,37.56,309.19,34
2026-05-06,小红书,7502,364,94.59,773.61,141
2026-05-06,微信,4999,256,52.93,562.58,82
2026-05-06,抖音,12734,259,113.67,1213.9,115
2026-05-06,淘宝,16470,472,252.13,1707.97,160
2026-05-06,自然流量,3890,79,33.78,393.1,42
2026-05-07,小红书,9331,484,94.76,819.81,179
2026-05-07,微信,8041,220,60.95,719.94,131
2026-05-07,抖音,14223,673,104.22,1245.73,359
2026-05-07,淘宝,20162,528,162.0,1691.04,191
2026-05-07,自然流量,5292,296,75.02,517.98,89
2026-05-08,小红书,12370,645,208.74,1413.14,245
2026-05-08,微信,5349,218,69.33,573.0,65
2026-05-08,抖音,8997,270,137.48,1083.78,152
2026-05-08,淘宝,12096,283,144.42,1212.17,127
2026-05-08,自然流量,3330,161,31.86,301.55,50
2026-05-09,小红书,5533,234,54.91,512.9,99
2026-05-09,微信,5980,184,54.24,512.01,86
2026-05-09,抖音,7356,316,76.51,842.21,128
2026-05-09,淘宝,10274,567,105.6,1235.81,290
2026-05-09,自然流量,3310,120,35.02,310.04,37
2026-05-10,小红书,9671,298,77.6,879.59,111
2026-05-10,微信,6878,169,60.68,681.55,77
2026-05-10,抖音,9430,486,120.27,1076.0,189
2026-05-10,淘宝,13692,592,137.53,1172.01,283
2026-05-10,自然流量,3519,113,42.2,299.6,59
2026-05-11,小红书,5957,215,80.31,704.76,99
2026-05-11,微信,6423,164,84.28,665.73,75
2026-05-11,抖音,11355,395,148.57,1290.54,204
2026-05-11,淘宝,15134,722,160.23,1347.5,368
2026-05-11,自然流量,3279,142,24.25,282.03,61
2026-05-12,小红书,7983,445,88.14,688.6,248
2026-05-12,微信,4807,157,47.76,533.92,61
2026-05-12,抖音,17870,925,185.79,1620.87,525
2026-05-12,淘宝,8487,463,104.07,1015.89,163
2026-05-12,自然流量,2840,106,28.79,276.09,55
2026-05-13,小红书,8331,435,86.35,888.01,138
2026-05-13,微信,8238,266,92.47,719.07,81
2026-05-13,抖音,11982,596,116.43,1284.57,202
2026-05-13,淘宝,10978,451,135.21,1074.12,166
2026-05-13,自然流量,2817,64,37.47,276.95,23
2026-05-14,小红书,6630,210,70.81,590.16,109
2026-05-14,微信,6515,365,53.19,612.06,134
2026-05-14,抖音,9371,488,104.43,875.14,254
2026-05-14,淘宝,20070,644,236.56,2109.2,351
2026-05-14,自然流量,5239,277,67.69,483.56,117
2026-05-15,小红书,7313,271,78.7,646.58,88
2026-05-15,微信,6596,222,51.31,562.2,104
2026-05-15,抖音,10367,328,155.76,1161.91,105
2026-05-15,淘宝,15078,788,142.79,1272.89,289
2026-05-15,自然流量,5197,310,66.9,524.54,99
2026-05-16,小红书,4757,180,82.36,594.31,84
2026-05-16,微信,5012,281,66.52,448.67,103
2026-05-16,抖音,12869,467,107.63,1075.06,218
2026-05-16,淘宝,14351,451,119.19,1196.27,156
2026-05-16,自然流量,3207,106,24.46,278.26,59
2026-05-17,小红书,9048,200,79.35,756.76,88
2026-05-17,微信,5864,246,70.88,514.36,96
2026-05-17,抖音,7617,239,103.12,783.76,104
2026-05-17,淘宝,8444,464,112.71,773.54,251
2026-05-17,自然流量,2231,70,33.31,226.09,27
2026-05-18,小红书,7424,385,100.51,762.84,164
2026-05-18,微信,4079,233,63.94,456.17,119
2026-05-18,抖音,8031,329,80.39,957.03,109
2026-05-18,淘宝,9629,314,138.42,1031.59,99
2026-05-18,自然流量,3904,159,58.31,393.27,93
2026-05-19,小红书,8161,192,80.6,695.99,110
2026-05-19,微信,3487,81,59.06,2466.48,29
2026-05-19,抖音,12280,350,177.91,1397.25,147
2026-05-19,淘宝,18162,1066,302.86,2102.69,373
2026-05-19,自然流量,2981,68,27.5,286.8,39
2026-05-20,小红书,6543,296,47.81,562.19,169
2026-05-20,微信,4597,268,51.37,445.85,87
2026-05-20,抖音,8098,415,56.64,696.16,165
2026-05-20,淘宝,21692,501,215.01,1833.55,195
2026-05-20,自然流量,3795,127,50.67,362.18,54
2026-05-21,小红书,6517,251,102.49,701.85,145
2026-05-21,微信,5236,185,51.13,446.82,105
2026-05-21,抖音,11650,356,140.66,1052.0,128
2026-05-21,淘宝,11182,451,145.99,1300.68,257
2026-05-21,自然流量,2941,82,27.26,329.86,40
2026-05-22,小红书,7621,450,74.17,788.67,164
2026-05-22,微信,5025,110,40.55,428.16,51
2026-05-22,抖音,6969,153,74.06,770.15,82
2026-05-22,淘宝,18488,497,214.89,2016.7,284
2026-05-22,自然流量,6511,140,67.35,622.35,69
2026-05-23,小红书,11375,443,98.61,964.84,234
2026-05-23,微信,5207,263,45.43,507.3,96
2026-05-23,抖音,12084,286,143.07,1301.88,96
2026-05-23,淘宝,8769,479,99.1,779.67,150
2026-05-23,自然流量,3189,64,44.76,325.86,26
2026-05-24,小红书,4426,202,37.79,374.66,68
2026-05-24,微信,4681,171,67.17,568.0,73
2026-05-24,抖音,15607,734,198.39,1535.7,430
2026-05-24,淘宝,17465,602,193.9,1536.08,265
2026-05-24,自然流量,2717,144,33.12,247.16,44
2026-05-25,小红书,5503,213,51.54,566.29,65
2026-05-25,微信,5433,243,47.9,579.11,86
2026-05-25,抖音,14681,783,173.81,1250.66,306
2026-05-25,淘宝,16601,716,179.55,1417.21,410
2026-05-25,自然流量,4266,149,53.25,453.78,44
2026-05-26,小红书,6469,353,62.58,645.82,114
2026-05-26,微信,4703,279,61.59,576.41,96
2026-05-26,抖音,12582,356,136.89,1403.48,192
2026-05-26,淘宝,12133,605,152.61,1287.31,329
2026-05-26,自然流量,7973,250,90.45,747.47,119
2026-05-27,小红书,8479,303,95.35,761.44,104
2026-05-27,微信,8103,332,102.13,703.87,147
2026-05-27,抖音,14763,560,191.7,1629.56,279
2026-05-27,淘宝,15685,326,135.57,1436.64,145
2026-05-27,自然流量,3452,103,44.03,307.99,59
2026-05-28,小红书,6969,278,77.81,856.53,98
2026-05-28,微信,4410,200,50.96,428.33,104
2026-05-28,抖音,14035,572,151.88,1192.15,305
2026-05-28,淘宝,11056,412,144.48,1168.72,132
2026-05-28,自然流量,3751,189,44.29,401.57,84
2026-05-29,小红书,12648,317,123.42,1175.79,151
2026-05-29,微信,5065,114,45.9,559.9,42
2026-05-29,抖音,14914,349,139.41,1614.23,201
2026-05-29,淘宝,13354,374,244.48,1661.67,181
2026-05-29,自然流量,4125,234,41.16,379.17,83
2026-05-30,小红书,9325,232,94.13,801.89,130
2026-05-30,微信,5134,197,71.4,562.28,68
2026-05-30,抖音,13089,737,177.2,1300.02,235
2026-05-30,淘宝,19115,750,168.41,1982.93,287
2026-05-30,自然流量,3253,161,46.03,327.17,78
2026-05-31,小红书,8745,426,98.95,745.31,155
2026-05-31,微信,3599,190,46.09,396.4,83
2026-05-31,抖音,9813,248,111.79,832.83,94
2026-05-31,淘宝,23789,574,316.41,2147.11,325
2026-05-31,自然流量,4490,163,51.01,411.2,83
2026-06-01,小红书,12766,708,136.87,1285.37,371
2026-06-01,微信,10741,390,161.82,1202.21,207
2026-06-01,抖音,16833,371,217.6,1552.29,162
2026-06-01,淘宝,20570,803,366.47,2452.63,426
2026-06-01,自然流量,4926,280,67.15,552.79,115
2026-06-02,小红书,18209,758,144.33,1618.51,401
2026-06-02,微信,9927,360,117.69,1101.71,193
2026-06-02,抖音,45882,1810,516.85,4480.89,638
2026-06-02,淘宝,23824,583,343.83,2365.09,207
2026-06-02,自然流量,5283,213,52.63,582.64,102
2026-06-03,小红书,16765,987,202.91,1447.78,328
2026-06-03,微信,11390,443,149.67,1217.64,248
2026-06-03,抖音,23616,1147,335.14,2301.14,658
2026-06-03,淘宝,29357,1084,200.83,2490.09,469
2026-06-03,自然流量,7324,273,94.49,687.9,156
2026-06-04,小红书,5341,280,86.28,617.44,160
2026-06-04,微信,6115,231,55.04,561.99,82
2026-06-04,抖音,11206,245,155.5,1226.39,136
2026-06-04,淘宝,15583,655,140.24,1678.82,205
2026-06-04,自然流量,3554,121,36.64,357.62,71
2026-06-05,小红书,7646,338,83.11,693.04,106
2026-06-05,微信,4547,244,50.34,385.55,78
2026-06-05,抖音,9358,195,97.53,885.7,109
2026-06-05,淘宝,11971,537,132.2,,242
2026-06-05,自然流量,3693,146,40.0,438.41,86
2026-06-06,小红书,4545,252,41.39,499.6,144
2026-06-06,微信,5815,200,53.43,631.26,119
2026-06-06,抖音,9537,434,89.79,1008.53,186
2026-06-06,淘宝,12495,265,165.39,1119.94,121
2026-06-06,自然流量,3412,197,33.95,349.24,90
2026-06-07,小红书,7088,304,76.96,809.56,169
2026-06-07,微信,6733,241,73.51,571.77,107
2026-06-07,抖音,9352,449,79.83,941.85,160
2026-06-07,淘宝,12174,495,108.27,1034.51,183
2026-06-07,自然流量,5773,177,64.26,574.5,78
2026-06-08,小红书,7185,362,123.38,828.39,211
2026-06-08,微信,5608,195,64.74,565.31,92
2026-06-08,抖音,12043,261,148.32,1292.64,120
2026-06-08,淘宝,17469,666,190.3,1614.9,369
2026-06-08,自然流量,4426,195,46.63,527.04,63
2026-06-09,小红书,6993,296,74.99,3511.92,117
2026-06-09,微信,6563,272,58.08,583.87,86
2026-06-09,抖音,17396,628,208.59,1720.83,205
2026-06-09,淘宝,11762,694,140.43,1403.76,296
2026-06-09,自然流量,3489,194,51.65,403.45,72
2026-06-10,小红书,7691,452,66.48,720.25,216
2026-06-10,微信,3252,88,30.35,352.81,45
2026-06-10,抖音,12929,467,132.51,1256.59,170
2026-06-10,淘宝,9310,493,117.68,1032.61,228
2026-06-10,自然流量,4457,163,52.6,466.17,66
2026-06-11,小红书,6455,183,60.05,735.77,104
2026-06-11,微信,4369,200,53.12,511.86,102
2026-06-11,抖音,7894,255,118.82,939.58,127
2026-06-11,淘宝,8470,246,95.38,957.9,83
2026-06-11,自然流量,4310,130,52.91,421.38,43
2026-06-12,小红书,11819,427,108.51,1133.11,161
2026-06-12,微信,6236,287,67.6,549.62,114
2026-06-12,抖音,5968,263,92.77,657.97,157
2026-06-12,淘宝,9921,344,90.35,851.25,142
2026-06-12,自然流量,3873,154,51.17,403.77,46
2026-06-13,小红书,6256,294,71.23,650.71,172
2026-06-13,微信,7125,164,52.97,622.58,91
2026-06-13,抖音,15392,582,139.38,1340.11,198
2026-06-13,淘宝,6421,335,54.13,617.59,140
2026-06-13,自然流量,1884,88,25.12,212.85,48
2026-06-14,小红书,7876,471,56.62,694.08,157
2026-06-14,微信,5346,215,67.25,564.1,111
2026-06-14,抖音,11574,382,146.74,1198.22,221
2026-06-14,淘宝,15657,462,231.39,1712.91,146
2026-06-14,自然流量,4778,200,57.68,462.06,75
2026-06-15,小红书,10095,343,98.02,904.91,143
2026-06-15,微信,5677,273,73.33,501.59,115
2026-06-15,抖音,6740,166,77.37,808.29,74
2026-06-15,淘宝,16198,363,224.23,1847.56,216
2026-06-15,自然流量,5214,201,60.8,489.73,87
2026-06-16,小红书,4794,234,65.24,567.21,132
2026-06-16,微信,3615,175,50.49,350.2,89
2026-06-16,抖音,12243,641,159.17,1210.51,319
2026-06-16,淘宝,15299,762,143.49,1780.56,267
2026-06-16,自然流量,2494,61,36.59,311.64,30
2026-06-17,小红书,9721,542,78.69,891.89,323
2026-06-17,微信,4824,270,47.88,,135
2026-06-17,抖音,17411,857,209.83,1800.63,276
2026-06-17,淘宝,12012,245,203.65,1359.3,94
2026-06-17,自然流量,3985,179,47.16,455.39,65
2026-06-18,小红书,6475,322,103.23,697.58,138
2026-06-18,微信,9117,342,112.86,788.77,179
2026-06-18,抖音,11006,394,92.14,948.2,171
2026-06-18,淘宝,13605,647,182.81,1576.75,320
2026-06-18,自然流量,6938,411,94.51,745.84,128
2026-06-18,自然流量,6938,411,94.51,745.84,128
2026-06-19,小红书,4773,145,44.8,489.42,73
2026-06-19,微信,8002,374,83.52,736.56,184
2026-06-19,抖音,10425,468,94.04,1120.24,143
2026-06-19,淘宝,13027,364,132.59,1295.23,173
2026-06-19,自然流量,4000,179,65.97,490.68,80
2026-06-20,小红书,6074,257,77.75,548.3,117
2026-06-20,微信,6959,286,72.87,592.25,127
2026-06-20,抖音,7703,367,102.73,728.73,147
2026-06-20,淘宝,27142,1590,210.16,2468.1,502
2026-06-20,自然流量,3908,126,36.08,355.66,69
2026-06-21,小红书,6878,327,74.12,712.18,125
2026-06-21,微信,7623,408,61.85,751.12,167
2026-06-21,抖音,7897,436,93.33,952.72,208
2026-06-21,淘宝,17114,856,178.66,1427.8,348
2026-06-21,自然流量,3295,124,31.33,368.34,72
2026-06-22,小红书,9196,235,68.69,791.97,100
2026-06-22,微信,6025,273,103.93,721.61,98
2026-06-22,抖音,13096,749,103.04,1281.95,392
2026-06-22,淘宝,15440,395,122.27,1527.3,214
2026-06-22,自然流量,3596,95,45.42,345.33,37
2026-06-23,小红书,8959,425,92.34,1037.79,181
2026-06-23,微信,6096,143,62.63,583.07,73
2026-06-23,抖音,12526,550,116.94,1271.22,287
2026-06-23,淘宝,9826,490,107.51,1093.25,276
2026-06-23,自然流量,4415,198,41.41,415.05,81
2026-06-24,小红书,6514,136,72.47,697.68,73
2026-06-24,微信,8975,355,79.19,761.95,204
2026-06-24,抖音,12961,626,126.08,1294.1,248
2026-06-24,淘宝,14895,316,214.66,1516.53,96
2026-06-24,自然流量,4143,119,44.71,406.42,58
2026-06-25,小红书,5375,133,98.28,,52
2026-06-25,微信,5143,209,56.37,576.68,121
2026-06-25,抖音,11928,238,159.19,1093.49,83
2026-06-25,淘宝,10209,247,157.29,1206.57,137
2026-06-25,自然流量,3696,157,33.33,317.97,65
2026-06-26,小红书,7032,167,64.56,686.55,70
2026-06-26,微信,5355,293,67.29,561.78,126
2026-06-26,抖音,17465,947,260.18,1781.01,379
2026-06-26,淘宝,14089,538,199.76,1632.05,273
2026-06-26,自然流量,4444,198,54.46,393.94,88
2026-06-27,小红书,5735,211,62.48,574.58,77
2026-06-27,微信,4189,85,61.63,444.23,26
2026-06-27,抖音,7167,147,85.62,845.86,74
2026-06-27,淘宝,13842,385,135.86,1619.85,138
2026-06-27,自然流量,3039,169,30.36,258.44,78
2026-06-28,小红书,10299,571,88.19,1009.92,312
2026-06-28,微信,4124,155,42.09,368.07,85
2026-06-28,抖音,8077,176,63.91,762.83,76
2026-06-28,淘宝,10487,377,102.47,1131.8,170
2026-06-28,自然流量,3004,166,40.05,332.68,60
2026-06-29,小红书,8241,327,121.87,860.41,138
2026-06-29,微信,4199,153,62.26,496.68,78
2026-06-29,抖音,17426,908,159.53,1919.93,542
2026-06-29,淘宝,13902,305,109.8,1369.67,113
2026-06-29,自然流量,3814,88,63.83,437.72,33
2026-06-30,小红书,8199,203,104.81,906.02,96
2026-06-30,微信,3293,84,42.78,345.71,43
2026-06-30,抖音,11643,591,125.62,1031.58,237
2026-06-30,淘宝,12875,587,194.87,1361.91,204
2026-06-30,自然流量,4537,102,46.99,384.52,32
2026-07-01,小红书,6222,241,89.06,730.72,74
2026-07-01,微信,5182,260,58.19,443.47,133
2026-07-01,抖音,15003,618,164.42,1296.15,339
2026-07-01,淘宝,16430,350,197.58,1805.65,198
2026-07-01,自然流量,3570,101,52.0,405.71,36
2026-07-02,小红书,7851,228,73.33,739.4,89
2026-07-02,微信,5639,267,44.93,518.26,153
2026-07-02,抖音,19195,731,233.49,1723.79,403
2026-07-02,淘宝,12156,464,197.5,1375.44,153
2026-07-02,自然流量,2710,82,31.6,245.83,25
2026-07-03,小红书,10422,465,117.94,1053.57,264
2026-07-03,微信,5998,174,61.93,530.62,94
2026-07-03,抖音,17406,660,190.91,1532.55,241
2026-07-03,淘宝,17926,962,244.18,1794.18,407
2026-07-03,自然流量,2645,120,27.31,280.98,39
2026-07-04,小红书,8277,254,57.55,694.45,129
2026-07-04,微信,4218,113,72.98,495.71,57
2026-07-04,抖音,9005,488,103.34,991.2,288
2026-07-04,淘宝,10955,232,142.54,1011.54,79
2026-07-04,自然流量,2851,83,34.68,305.17,38
2026-07-05,小红书,3963,169,44.7,404.57,71
2026-07-05,微信,6843,269,73.61,721.96,92
2026-07-05,抖音,14760,447,205.28,1402.11,156
2026-07-05,淘宝,13140,623,166.29,1202.17,233
2026-07-05,自然流量,4706,113,67.94,531.54,56
2026-07-06,小红书,8772,242,116.71,1052.83,115
2026-07-06,微信,6376,324,66.84,581.32,126
2026-07-06,微信,6376,324,66.84,581.32,126
2026-07-06,抖音,11890,702,134.8,1149.59,401
2026-07-06,淘宝,14776,652,123.83,1318.73,292
2026-07-06,自然流量,2936,87,24.73,268.79,39
2026-07-07,小红书,8114,359,108.03,730.11,147
2026-07-07,微信,3241,156,47.83,382.22,64
2026-07-07,抖音,9309,420,89.69,1016.29,208
2026-07-07,淘宝,18250,411,183.32,1701.54,242
2026-07-07,自然流量,5129,107,44.0,434.56,61
2026-07-08,小红书,7283,198,84.58,651.42,82
2026-07-08,微信,5075,175,44.67,533.94,88
2026-07-08,抖音,9154,484,78.77,903.09,282
2026-07-08,淘宝,24930,624,230.23,2103.63,277
2026-07-08,自然流量,3218,167,32.59,285.75,65
2026-07-09,小红书,5921,340,76.9,660.57,139
2026-07-09,微信,4408,139,49.57,411.7,44
2026-07-09,抖音,11803,372,107.96,1118.55,193
2026-07-09,淘宝,15362,549,138.27,1336.63,198
2026-07-09,自然流量,2727,98,45.3,311.19,40
2026-07-10,小红书,8516,429,79.43,979.35,200
2026-07-10,微信,3800,105,28.73,330.88,59
2026-07-10,抖音,7548,168,89.95,887.26,58
2026-07-10,淘宝,15882,516,155.95,1549.31,268
2026-07-10,自然流量,4489,112,57.68,475.69,51
2026-07-11,小红书,7552,390,86.65,698.61,134
2026-07-11,微信,6144,268,99.76,693.14,144
2026-07-11,抖音,5414,206,83.43,614.4,98
2026-07-11,淘宝,11018,518,83.05,1016.42,219
2026-07-11,自然流量,2935,173,20.29,251.24,84
2026-07-12,小红书,5318,145,84.85,637.52,44
2026-07-12,微信,6028,262,84.8,728.19,136
2026-07-12,抖音,11991,710,163.69,1331.29,382
2026-07-12,抖音,11991,710,163.69,1331.29,382
2026-07-12,淘宝,9809,469,97.64,939.08,155
2026-07-12,自然流量,1659,34,17.9,172.97,20
2026-07-13,小红书,6098,246,108.67,734.94,124
2026-07-13,微信,7154,380,119.21,881.87,143
2026-07-13,抖音,15014,498,158.25,1306.25,275
2026-07-13,淘宝,12297,339,198.92,1484.58,187
2026-07-13,自然流量,5931,169,45.34,547.47,60
2026-07-14,小红书,5027,222,66.71,619.43,86
2026-07-14,微信,6123,230,58.67,693.93,125
2026-07-14,抖音,10202,411,119.56,1054.61,156
2026-07-14,淘宝,18908,752,147.49,1654.12,382
2026-07-14,自然流量,4273,191,53.03,389.33,82
2026-07-15,小红书,13055,550,107.1,1156.77,242
2026-07-15,微信,11605,254,143.2,1025.24,117
2026-07-15,抖音,17657,679,231.15,1584.62,302
2026-07-15,淘宝,16967,850,195.49,1429.19,263
2026-07-15,自然流量,3126,102,35.47,355.68,46
2026-07-16,小红书,8326,429,104.86,850.54,143
2026-07-16,微信,3881,112,53.76,446.97,47
2026-07-16,抖音,9975,380,129.75,1116.66,201
2026-07-16,淘宝,13626,677,171.47,1421.22,281
2026-07-16,自然流量,3086,166,28.41,289.77,74
2026-07-17,小红书,7777,378,88.82,657.09,193
2026-07-17,微信,7511,311,81.28,726.91,112
2026-07-17,抖音,14492,483,148.13,1217.66,157
2026-07-17,淘宝,16348,621,221.09,1578.23,364
2026-07-17,自然流量,3204,95,46.25,399.83,39
2026-07-18,小红书,7475,320,89.73,673.37,110
2026-07-18,微信,4841,287,58.09,571.76,97
2026-07-18,抖音,10506,400,99.85,1117.56,125
2026-07-18,淘宝,7677,157,76.78,861.49,61
2026-07-18,自然流量,3088,168,55.11,374.11,62
2026-07-19,小红书,5831,213,50.86,549.34,107
2026-07-19,微信,4558,171,61.8,422.87,58
2026-07-19,抖音,7200,150,91.73,734.74,63
2026-07-19,淘宝,11065,601,95.15,1078.52,321
2026-07-19,自然流量,3910,137,54.38,369.96,54
2026-07-20,小红书,6273,129,65.2,683.38,49
2026-07-20,微信,6035,351,45.61,568.61,131
2026-07-20,抖音,17708,533,163.42,1477.88,243
2026-07-20,淘宝,12601,607,94.26,1096.46,300
2026-07-20,自然流量,4228,171,48.63,505.46,60
2026-07-21,小红书,6972,227,88.13,803.23,89
2026-07-21,微信,4942,227,73.43,565.37,114
2026-07-21,抖音,16381,416,164.39,1457.26,241
2026-07-21,淘宝,14182,835,141.07,1554.71,434
2026-07-21,自然流量,4169,125,66.03,449.47,72
2026-07-22,小红书,7827,163,85.67,771.16,87
2026-07-22,微信,8717,287,76.79,857.58,162
2026-07-22,抖音,15854,586,147.03,1616.23,250
2026-07-22,淘宝,22825,472,233.38,1961.29,253
2026-07-22,自然流量,5377,252,70.86,519.86,125
2026-07-23,小红书,7621,180,81.96,653.74,76
2026-07-23,微信,6074,339,88.11,699.71,191
2026-07-23,抖音,11279,457,160.18,1175.92,188
2026-07-23,淘宝,13649,643,120.14,1418.5,307
2026-07-23,自然流量,4516,188,65.58,454.36,107
2026-07-24,小红书,8298,189,92.4,725.12,66
2026-07-24,微信,5653,219,80.97,573.67,115
2026-07-24,抖音,7490,265,78.31,782.45,100
2026-07-24,淘宝,12000,608,187.62,1321.7,222
2026-07-24,自然流量,7632,155,72.51,670.16,88
2026-07-25,小红书,11219,544,162.7,1159.78,188
2026-07-25,微信,6134,346,94.83,634.25,114
2026-07-25,抖音,11631,485,124.23,1061.12,196
2026-07-25,淘宝,13416,487,175.29,1368.14,182
2026-07-25,自然流量,3293,191,54.23,,62
2026-07-26,小红书,6224,295,86.68,681.5,108
2026-07-26,微信,4746,209,62.79,455.29,89
2026-07-26,抖音,11132,491,136.91,1377.52,274
2026-07-26,淘宝,11419,597,169.64,1247.09,260
2026-07-26,自然流量,2720,103,29.72,268.19,33
2026-07-27,小红书,8474,321,105.06,893.39,115
2026-07-27,微信,6126,259,77.65,599.64,91
2026-07-27,抖音,10402,296,89.71,956.57,125
2026-07-27,淘宝,9038,499,115.68,1048.16,211
2026-07-27,自然流量,3145,164,51.08,349.17,55
2026-07-28,小红书,8083,208,64.32,797.54,112
2026-07-28,微信,3975,109,49.16,447.09,54
2026-07-28,抖音,6803,224,74.36,825.67,114
2026-07-28,淘宝,15441,670,168.66,1651.95,218
2026-07-28,自然流量,8727,380,83.2,736.4,179
2026-07-29,小红书,8851,355,68.34,806.45,183
2026-07-29,微信,11220,446,99.16,972.89,234
2026-07-29,抖音,15676,832,137.35,1338.57,308
2026-07-29,淘宝,10936,345,123.25,974.36,147
2026-07-29,自然流量,3787,134,59.97,426.52,69
2026-07-30,小红书,6431,245,76.4,713.95,145
2026-07-30,微信,5567,123,66.48,572.31,55
2026-07-30,抖音,8069,253,79.06,856.28,132
2026-07-30,淘宝,10449,455,152.46,1250.1,193
2026-07-30,自然流量,2639,71,43.09,293.05,39
2026-07-31,小红书,8775,457,137.29,1013.65,154
2026-07-31,微信,4174,104,52.46,354.06,38
2026-07-31,抖音,11980,396,127.16,1342.83,177
2026-07-31,淘宝,14590,391,148.78,1520.77,148
2026-07-31,自然流量,6201,208,50.33,559.08,115
2026-08-01,小红书,4117,192,70.36,493.04,60
2026-08-01,微信,3626,141,56.89,426.29,53
2026-08-01,抖音,13678,531,152.84,1332.43,275
2026-08-01,淘宝,13848,500,127.26,1420.54,226
2026-08-01,自然流量,3887,208,39.44,361.7,110
2026-08-02,小红书,6486,313,73.93,610.85,127
2026-08-02,微信,4931,163,49.96,465.2,61
2026-08-02,抖音,8305,206,95.87,,86
2026-08-02,淘宝,16727,563,139.35,1622.78,336
2026-08-02,自然流量,3798,138,52.86,405.28,62
2026-08-03,小红书,7350,404,66.67,819.67,209
2026-08-03,微信,5569,265,78.05,686.29,89
2026-08-03,抖音,27302,599,280.83,2337.42,333
2026-08-03,淘宝,15365,334,227.44,1574.97,147
2026-08-03,自然流量,6466,340,90.49,645.14,164
2026-08-04,小红书,6718,170,73.13,575.79,51
2026-08-04,微信,4534,171,36.13,438.51,67
2026-08-04,抖音,12924,617,175.4,1605.34,289
2026-08-04,淘宝,24344,596,180.3,2080.95,238
2026-08-04,自然流量,3914,186,45.52,348.18,94
2026-08-05,小红书,5969,152,76.15,742.59,71
2026-08-05,微信,5971,269,67.21,565.95,160
2026-08-05,抖音,9316,496,152.34,,222
2026-08-05,淘宝,19947,1001,219.65,1793.47,488
2026-08-05,自然流量,5716,163,42.72,497.54,72
2026-08-06,小红书,7281,386,63.36,696.05,184
2026-08-06,微信,3705,173,52.33,426.62,85
2026-08-06,抖音,14491,770,160.05,1441.01,362
2026-08-06,淘宝,15689,416,134.05,1512.29,247
2026-08-06,自然流量,2924,162,37.56,350.2,63
2026-08-07,小红书,7319,418,63.94,657.84,197
2026-08-07,微信,5525,298,64.05,522.25,165
2026-08-07,抖音,7762,443,68.61,677.65,247
2026-08-07,淘宝,14688,625,189.97,1831.18,248
2026-08-07,自然流量,4063,83,49.32,414.56,41
2026-08-08,小红书,6564,152,79.4,4328.22,70
2026-08-08,微信,6460,272,49.48,612.4,138
2026-08-08,抖音,6868,339,79.5,662.52,108
2026-08-08,淘宝,9391,458,126.09,1008.19,183
2026-08-08,自然流量,4421,255,63.86,465.25,121
2026-08-09,小红书,5004,295,50.58,577.74,170
2026-08-09,微信,5828,251,72.73,633.17,118
2026-08-09,抖音,7858,306,84.55,839.42,139
2026-08-09,淘宝,14082,527,160.34,1292.03,211
2026-08-09,自然流量,2275,50,26.69,1638.1799999999998,16
2026-08-10,小红书,9315,300,108.94,937.22,124
2026-08-10,微信,7879,420,93.17,833.35,216
2026-08-10,抖音,7103,373,69.83,844.13,185
2026-08-10,淘宝,13964,343,203.93,1361.46,146
2026-08-10,自然流量,2659,143,41.49,315.54,51
2026-08-11,小红书,6215,266,95.11,648.23,121
2026-08-11,微信,9520,277,79.42,832.47,99
2026-08-11,抖音,12810,387,120.45,1076.13,119
2026-08-11,淘宝,12851,418,189.37,1574.33,244
2026-08-11,自然流量,3511,135,34.26,350.54,60
2026-08-12,小红书,8788,436,125.05,927.06,230
2026-08-12,微信,7485,191,86.71,803.41,113
2026-08-12,抖音,13669,345,239.09,1683.02,181
2026-08-12,淘宝,8418,237,80.13,772.99,104
2026-08-12,自然流量,2934,130,36.35,329.54,41
2026-08-13,小红书,9133,320,93.58,777.56,172
2026-08-13,微信,4191,204,68.84,471.41,93
2026-08-13,抖音,19387,1064,193.29,1928.6,346
2026-08-13,淘宝,17239,545,181.91,2018.26,296
2026-08-13,自然流量,2220,86,29.17,238.68,51
2026-08-14,小红书,9230,539,105.22,964.37,258
2026-08-14,微信,4309,181,48.99,388.0,71
2026-08-14,抖音,23966,1305,290.1,,574
2026-08-14,淘宝,17515,1016,156.95,1615.97,532
2026-08-14,自然流量,4128,184,45.07,415.99,66
2026-08-15,小红书,7544,315,92.42,782.93,141
2026-08-15,微信,4099,147,55.35,385.38,72
2026-08-15,抖音,11193,407,107.33,1023.58,171
2026-08-15,淘宝,11029,276,184.68,1271.17,132
2026-08-15,自然流量,3440,181,40.62,290.59,63
2026-08-16,小红书,4903,254,65.6,549.3,76
2026-08-16,微信,7249,144,97.49,664.21,78
2026-08-16,抖音,12780,401,139.23,1406.91,223
2026-08-16,淘宝,10549,383,95.51,1085.62,192
2026-08-16,自然流量,5029,103,62.94,432.96,55
2026-08-17,小红书,14791,340,145.1,1260.87,172
2026-08-17,微信,6821,226,99.1,842.82,129
2026-08-17,抖音,16923,638,175.17,1436.36,282
2026-08-17,淘宝,19224,1108,139.62,1652.21,466
2026-08-17,自然流量,4241,130,59.86,418.72,75
2026-08-18,小红书,7197,274,80.76,614.58,112
2026-08-18,微信,8851,426,93.88,820.04,244
2026-08-18,抖音,9361,520,104.11,974.1,270
2026-08-18,淘宝,11911,286,169.23,1475.0,144
2026-08-18,自然流量,3058,116,28.86,307.15,45
2026-08-19,小红书,6461,172,96.71,720.45,58
2026-08-19,微信,2574,80,25.29,280.27,30
2026-08-19,抖音,11127,357,165.74,1237.24,142
2026-08-19,淘宝,18072,819,229.91,1681.23,256
2026-08-19,自然流量,4507,158,55.15,423.03,63
2026-08-20,小红书,10207,240,130.57,937.71,124
2026-08-20,微信,12714,541,183.34,1252.24,308
2026-08-20,抖音,6757,281,60.24,737.63,91
2026-08-20,淘宝,15211,803,157.72,1456.52,294
2026-08-20,自然流量,5514,287,70.02,479.42,94
2026-08-21,小红书,4667,229,47.42,518.1,92
2026-08-21,微信,4879,169,54.53,434.86,87
2026-08-21,抖音,13538,544,157.39,1189.08,185
2026-08-21,淘宝,13230,459,145.18,1221.31,151
2026-08-21,自然流量,4518,167,40.06,,97
2026-08-22,小红书,8607,418,94.37,881.47,151
2026-08-22,微信,6524,329,48.23,573.66,197
2026-08-22,抖音,10609,300,99.78,962.75,162
2026-08-22,淘宝,16253,959,157.03,1543.42,420
2026-08-22,自然流量,6129,334,69.91,556.7,185
2026-08-23,小红书,6320,167,77.91,557.3,84
2026-08-23,微信,5265,274,70.41,520.04,129
2026-08-23,抖音,10853,304,80.63,943.3,163
2026-08-23,淘宝,17003,471,175.6,1757.07,212
2026-08-23,自然流量,2381,130,24.77,290.44,48
2026-08-24,小红书,5076,279,72.03,500.63,105
2026-08-24,微信,6939,141,58.84,729.56,61
2026-08-24,抖音,14934,543,195.78,1385.18,211
2026-08-24,淘宝,19841,832,295.03,2014.68,498
2026-08-24,自然流量,3169,66,40.79,318.48,25
2026-08-25,小红书,8052,324,83.33,915.58,162
2026-08-25,微信,6528,265,93.44,645.75,123
2026-08-25,抖音,6642,241,73.76,766.27,110
2026-08-25,淘宝,13228,302,163.32,1340.06,114
2026-08-25,自然流量,3023,154,25.62,256.29,85
2026-08-26,小红书,5635,179,80.21,613.25,66
2026-08-26,微信,5093,110,76.08,514.26,56
2026-08-26,抖音,16999,903,240.42,1747.18,322
2026-08-26,淘宝,15498,753,178.12,1936.48,249
2026-08-26,自然流量,2653,86,31.81,285.56,41
2026-08-27,小红书,7774,261,93.31,729.82,79
2026-08-27,微信,9292,319,104.08,924.74,161
2026-08-27,抖音,12660,382,118.01,1106.9,214
2026-08-27,淘宝,16481,958,212.09,1464.67,548
2026-08-27,自然流量,4413,232,56.15,378.07,130
2026-08-28,小红书,12614,567,87.45,1087.71,201
2026-08-28,微信,4874,187,52.8,460.41,80
2026-08-28,抖音,11782,285,113.51,1292.01,110
2026-08-28,淘宝,14137,488,193.73,1683.26,152
2026-08-28,自然流量,4173,119,41.0,352.98,61
2026-08-29,小红书,6381,168,82.35,697.18,77
2026-08-29,微信,4594,164,46.57,454.06,79
2026-08-29,抖音,11712,451,106.14,,217
2026-08-29,淘宝,14127,389,151.93,1346.15,200
2026-08-29,自然流量,2948,113,50.58,355.34,37
2026-08-30,小红书,8480,319,109.05,876.62,169
2026-08-30,微信,4274,103,41.3,457.85,31
2026-08-30,抖音,13650,791,97.6,1141.8,458
2026-08-30,淘宝,9377,410,107.28,1152.69,165
2026-08-30,自然流量,1977,115,17.63,200.12,67
2026-08-31,小红书,12092,525,155.02,1120.91,168
2026-08-31,微信,9674,512,104.8,968.98,169
2026-08-31,抖音,15488,821,128.06,1463.82,370
2026-08-31,淘宝,15549,522,201.72,1633.94,296
2026-08-31,自然流量,2964,147,22.78,272.68,53
