时间,操作,结果
2026-04-19 22:54:52,文件操作练习,成功
2026-04-19 22:55:12,文件操作练习,成功
2026-04-19 22:56:49,文件操作练习,成功
2026-04-19 23:11:15,文件操作练习,成功
2026-04-19 23:11:18,文件操作练习,成功
2026-04-20 07:55:53,文件操作练习,成功
2026-04-20 07:57:10,文件操作练习,成功
2026-04-20 08:00:28,文件操作练习,成功
2026-04-20 08:00:55,文件操作练习,成功
2026-04-20 08:01:25,文件操作练习,成功
2026-04-20 08:05:41,文件操作练习,成功
2026-04-20 08:09:56,文件操作练习,成功
2026-04-20 08:14:55,文件操作练习,成功
2026-04-20 22:07:33,文件操作练习,成功
2026-04-20 22:08:04,文件操作练习,成功
2026-04-20 22:13:42,文件操作练习,成功
2026-04-20 22:31:05,文件操作练习,成功
2026-04-20 22:39:06,文件操作练习,成功
2026-04-20 22:40:37,文件操作练习,成功
2026-04-20 22:53:57,文件操作练习,成功
2026-04-20 23:17:18,文件操作练习,成功
2026-04-20 23:18:21,文件操作练习,成功
